host,ip,collector_hostname,timestamp,feature,value
localhost,127.0.0.1:161,local-producer,2025-08-31T21:52:32.396121,ifInOctets1,0
localhost,127.0.0.1:161,local-producer,2025-08-31T21:52:32.396121,ifOutOctets1,0
localhost,127.0.0.1:161,local-producer,2025-08-31T21:52:32.396121,ifOutDiscards1,0
localhost,127.0.0.1:161,local-producer,2025-08-31T21:52:32.396121,ifInUcastPkts1,0
localhost,127.0.0.1:161,local-producer,2025-08-31T21:52:32.396121,ifInNUcastPkts1,0
localhost,127.0.0.1:161,local-producer,2025-08-31T21:52:32.396121,ifInDiscards1,0
localhost,127.0.0.1:161,local-producer,2025-08-31T21:52:32.396121,ifOutUcastPkts1,0
localhost,127.0.0.1:161,local-producer,2025-08-31T21:52:32.396121,ifOutNUcastPkts1,0
localhost,127.0.0.1:161,local-producer,2025-08-31T21:52:32.396121,tcpOutRsts,2479
localhost,127.0.0.1:161,local-producer,2025-08-31T21:52:32.396121,tcpInSegs,621371
localhost,127.0.0.1:161,local-producer,2025-08-31T21:52:32.396121,tcpOutSegs,706561
localhost,127.0.0.1:161,local-producer,2025-08-31T21:52:32.396121,tcpPassiveOpens,343
localhost,127.0.0.1:161,local-producer,2025-08-31T21:52:32.396121,tcpRetransSegs,1375
localhost,127.0.0.1:161,local-producer,2025-08-31T21:52:32.396121,tcpCurrEstab,42
localhost,127.0.0.1:161,local-producer,2025-08-31T21:52:32.396121,tcpEstabResets,1083
localhost,127.0.0.1:161,local-producer,2025-08-31T21:52:32.396121,tcpActiveOpens,6479
localhost,127.0.0.1:161,local-producer,2025-08-31T21:52:32.396121,udpInDatagrams,700836
localhost,127.0.0.1:161,local-producer,2025-08-31T21:52:32.396121,udpOutDatagrams,148554
localhost,127.0.0.1:161,local-producer,2025-08-31T21:52:32.396121,udpInErrors,0
localhost,127.0.0.1:161,local-producer,2025-08-31T21:52:32.396121,udpNoPorts,2313
localhost,127.0.0.1:161,local-producer,2025-08-31T21:52:32.396121,ipInReceives,1272183
localhost,127.0.0.1:161,local-producer,2025-08-31T21:52:32.396121,ipInDelivers,1268390
localhost,127.0.0.1:161,local-producer,2025-08-31T21:52:32.396121,ipOutRequests,816409
localhost,127.0.0.1:161,local-producer,2025-08-31T21:52:32.396121,ipOutDiscards,35
localhost,127.0.0.1:161,local-producer,2025-08-31T21:52:32.396121,ipInDiscards,2488
localhost,127.0.0.1:161,local-producer,2025-08-31T21:52:32.396121,ipForwDatagrams,0
localhost,127.0.0.1:161,local-producer,2025-08-31T21:52:32.396121,ipOutNoRoutes,9
localhost,127.0.0.1:161,local-producer,2025-08-31T21:52:32.396121,ipInAddrErrors,0
localhost,127.0.0.1:161,local-producer,2025-08-31T21:52:32.396121,icmpInMsgs,86
localhost,127.0.0.1:161,local-producer,2025-08-31T21:52:32.396121,icmpInDestUnreachs,82
localhost,127.0.0.1:161,local-producer,2025-08-31T21:52:32.396121,icmpOutMsgs,768
localhost,127.0.0.1:161,local-producer,2025-08-31T21:52:32.396121,icmpOutDestUnreachs,0
localhost,127.0.0.1:161,local-producer,2025-08-31T21:52:32.396121,icmpInEchos,2
localhost,127.0.0.1:161,local-producer,2025-08-31T21:52:32.396121,icmpOutEchoReps,2
localhost,127.0.0.1:161,local-producer,2025-08-31T21:52:42.590806,ifInOctets1,0
localhost,127.0.0.1:161,local-producer,2025-08-31T21:52:42.590806,ifOutOctets1,0
localhost,127.0.0.1:161,local-producer,2025-08-31T21:52:42.590806,ifOutDiscards1,0
localhost,127.0.0.1:161,local-producer,2025-08-31T21:52:42.590806,ifInUcastPkts1,0
localhost,127.0.0.1:161,local-producer,2025-08-31T21:52:42.590806,ifInNUcastPkts1,0
localhost,127.0.0.1:161,local-producer,2025-08-31T21:52:42.590806,ifInDiscards1,0
localhost,127.0.0.1:161,local-producer,2025-08-31T21:52:42.590806,ifOutUcastPkts1,0
localhost,127.0.0.1:161,local-producer,2025-08-31T21:52:42.590806,ifOutNUcastPkts1,0
localhost,127.0.0.1:161,local-producer,2025-08-31T21:52:42.590806,tcpOutRsts,2479
localhost,127.0.0.1:161,local-producer,2025-08-31T21:52:42.590806,tcpInSegs,622970
localhost,127.0.0.1:161,local-producer,2025-08-31T21:52:42.590806,tcpOutSegs,709641
localhost,127.0.0.1:161,local-producer,2025-08-31T21:52:42.590806,tcpPassiveOpens,344
localhost,127.0.0.1:161,local-producer,2025-08-31T21:52:42.590806,tcpRetransSegs,1375
localhost,127.0.0.1:161,local-producer,2025-08-31T21:52:42.590806,tcpCurrEstab,45
localhost,127.0.0.1:161,local-producer,2025-08-31T21:52:42.590806,tcpEstabResets,1083
localhost,127.0.0.1:161,local-producer,2025-08-31T21:52:42.590806,tcpActiveOpens,6484
localhost,127.0.0.1:161,local-producer,2025-08-31T21:52:42.590806,udpInDatagrams,700873
localhost,127.0.0.1:161,local-producer,2025-08-31T21:52:42.590806,udpOutDatagrams,148584
localhost,127.0.0.1:161,local-producer,2025-08-31T21:52:42.590806,udpInErrors,0
localhost,127.0.0.1:161,local-producer,2025-08-31T21:52:42.590806,udpNoPorts,2313
localhost,127.0.0.1:161,local-producer,2025-08-31T21:52:42.590806,ipInReceives,1273710
localhost,127.0.0.1:161,local-producer,2025-08-31T21:52:42.590806,ipInDelivers,1269917
localhost,127.0.0.1:161,local-producer,2025-08-31T21:52:42.590806,ipOutRequests,819416
localhost,127.0.0.1:161,local-producer,2025-08-31T21:52:42.590806,ipOutDiscards,35
localhost,127.0.0.1:161,local-producer,2025-08-31T21:52:42.590806,ipInDiscards,2488
localhost,127.0.0.1:161,local-producer,2025-08-31T21:52:42.590806,ipForwDatagrams,0
localhost,127.0.0.1:161,local-producer,2025-08-31T21:52:42.590806,ipOutNoRoutes,9
localhost,127.0.0.1:161,local-producer,2025-08-31T21:52:42.590806,ipInAddrErrors,0
localhost,127.0.0.1:161,local-producer,2025-08-31T21:52:42.590806,icmpInMsgs,86
localhost,127.0.0.1:161,local-producer,2025-08-31T21:52:42.590806,icmpInDestUnreachs,82
localhost,127.0.0.1:161,local-producer,2025-08-31T21:52:42.590806,icmpOutMsgs,768
localhost,127.0.0.1:161,local-producer,2025-08-31T21:52:42.590806,icmpOutDestUnreachs,0
localhost,127.0.0.1:161,local-producer,2025-08-31T21:52:42.590806,icmpInEchos,2
localhost,127.0.0.1:161,local-producer,2025-08-31T21:52:42.590806,icmpOutEchoReps,2
localhost,127.0.0.1:161,local-producer,2025-08-31T21:52:52.768316,ifInOctets1,0
localhost,127.0.0.1:161,local-producer,2025-08-31T21:52:52.768316,ifOutOctets1,0
localhost,127.0.0.1:161,local-producer,2025-08-31T21:52:52.768316,ifOutDiscards1,0
localhost,127.0.0.1:161,local-producer,2025-08-31T21:52:52.768316,ifInUcastPkts1,0
localhost,127.0.0.1:161,local-producer,2025-08-31T21:52:52.768316,ifInNUcastPkts1,0
localhost,127.0.0.1:161,local-producer,2025-08-31T21:52:52.768316,ifInDiscards1,0
localhost,127.0.0.1:161,local-producer,2025-08-31T21:52:52.768316,ifOutUcastPkts1,0
localhost,127.0.0.1:161,local-producer,2025-08-31T21:52:52.768316,ifOutNUcastPkts1,0
localhost,127.0.0.1:161,local-producer,2025-08-31T21:52:52.768316,tcpOutRsts,2485
localhost,127.0.0.1:161,local-producer,2025-08-31T21:52:52.768316,tcpInSegs,623152
localhost,127.0.0.1:161,local-producer,2025-08-31T21:52:52.768316,tcpOutSegs,709841
localhost,127.0.0.1:161,local-producer,2025-08-31T21:52:52.768316,tcpPassiveOpens,344
localhost,127.0.0.1:161,local-producer,2025-08-31T21:52:52.768316,tcpRetransSegs,1375
localhost,127.0.0.1:161,local-producer,2025-08-31T21:52:52.768316,tcpCurrEstab,44
localhost,127.0.0.1:161,local-producer,2025-08-31T21:52:52.768316,tcpEstabResets,1084
localhost,127.0.0.1:161,local-producer,2025-08-31T21:52:52.768316,tcpActiveOpens,6491
localhost,127.0.0.1:161,local-producer,2025-08-31T21:52:52.768316,udpInDatagrams,700899
localhost,127.0.0.1:161,local-producer,2025-08-31T21:52:52.768316,udpOutDatagrams,148599
localhost,127.0.0.1:161,local-producer,2025-08-31T21:52:52.768316,udpInErrors,0
localhost,127.0.0.1:161,local-producer,2025-08-31T21:52:52.768316,udpNoPorts,2313
localhost,127.0.0.1:161,local-producer,2025-08-31T21:52:52.768316,ipInReceives,1273823
localhost,127.0.0.1:161,local-producer,2025-08-31T21:52:52.768316,ipInDelivers,1270028
localhost,127.0.0.1:161,local-producer,2025-08-31T21:52:52.768316,ipOutRequests,819539
localhost,127.0.0.1:161,local-producer,2025-08-31T21:52:52.768316,ipOutDiscards,35
localhost,127.0.0.1:161,local-producer,2025-08-31T21:52:52.768316,ipInDiscards,2488
localhost,127.0.0.1:161,local-producer,2025-08-31T21:52:52.768316,ipForwDatagrams,0
localhost,127.0.0.1:161,local-producer,2025-08-31T21:52:52.768316,ipOutNoRoutes,9
localhost,127.0.0.1:161,local-producer,2025-08-31T21:52:52.768316,ipInAddrErrors,0
localhost,127.0.0.1:161,local-producer,2025-08-31T21:52:52.768316,icmpInMsgs,86
localhost,127.0.0.1:161,local-producer,2025-08-31T21:52:52.768316,icmpInDestUnreachs,82
localhost,127.0.0.1:161,local-producer,2025-08-31T21:52:52.768316,icmpOutMsgs,768
localhost,127.0.0.1:161,local-producer,2025-08-31T21:52:52.768316,icmpOutDestUnreachs,0
localhost,127.0.0.1:161,local-producer,2025-08-31T21:52:52.768316,icmpInEchos,2
localhost,127.0.0.1:161,local-producer,2025-08-31T21:52:52.768316,icmpOutEchoReps,2
localhost,127.0.0.1:161,local-producer,2025-08-31T21:53:02.952665,ifInOctets1,0
localhost,127.0.0.1:161,local-producer,2025-08-31T21:53:02.952665,ifOutOctets1,0
localhost,127.0.0.1:161,local-producer,2025-08-31T21:53:02.952665,ifOutDiscards1,0
localhost,127.0.0.1:161,local-producer,2025-08-31T21:53:02.952665,ifInUcastPkts1,0
localhost,127.0.0.1:161,local-producer,2025-08-31T21:53:02.952665,ifInNUcastPkts1,0
localhost,127.0.0.1:161,local-producer,2025-08-31T21:53:02.952665,ifInDiscards1,0
localhost,127.0.0.1:161,local-producer,2025-08-31T21:53:02.952665,ifOutUcastPkts1,0
localhost,127.0.0.1:161,local-producer,2025-08-31T21:53:02.952665,ifOutNUcastPkts1,0
localhost,127.0.0.1:161,local-producer,2025-08-31T21:53:02.952665,tcpOutRsts,2485
localhost,127.0.0.1:161,local-producer,2025-08-31T21:53:02.952665,tcpInSegs,623283
localhost,127.0.0.1:161,local-producer,2025-08-31T21:53:02.952665,tcpOutSegs,709972
localhost,127.0.0.1:161,local-producer,2025-08-31T21:53:02.952665,tcpPassiveOpens,344
localhost,127.0.0.1:161,local-producer,2025-08-31T21:53:02.952665,tcpRetransSegs,1375
localhost,127.0.0.1:161,local-producer,2025-08-31T21:53:02.952665,tcpCurrEstab,45
localhost,127.0.0.1:161,local-producer,2025-08-31T21:53:02.952665,tcpEstabResets,1084
localhost,127.0.0.1:161,local-producer,2025-08-31T21:53:02.952665,tcpActiveOpens,6493
localhost,127.0.0.1:161,local-producer,2025-08-31T21:53:02.952665,udpInDatagrams,700901
localhost,127.0.0.1:161,local-producer,2025-08-31T21:53:02.952665,udpOutDatagrams,148601
localhost,127.0.0.1:161,local-producer,2025-08-31T21:53:02.952665,udpInErrors,0
localhost,127.0.0.1:161,local-producer,2025-08-31T21:53:02.952665,udpNoPorts,2313
localhost,127.0.0.1:161,local-producer,2025-08-31T21:53:02.952665,ipInReceives,1273858
localhost,127.0.0.1:161,local-producer,2025-08-31T21:53:02.952665,ipInDelivers,1270063
localhost,127.0.0.1:161,local-producer,2025-08-31T21:53:02.952665,ipOutRequests,819581
localhost,127.0.0.1:161,local-producer,2025-08-31T21:53:02.952665,ipOutDiscards,35
localhost,127.0.0.1:161,local-producer,2025-08-31T21:53:02.952665,ipInDiscards,2488
localhost,127.0.0.1:161,local-producer,2025-08-31T21:53:02.952665,ipForwDatagrams,0
localhost,127.0.0.1:161,local-producer,2025-08-31T21:53:02.952665,ipOutNoRoutes,9
localhost,127.0.0.1:161,local-producer,2025-08-31T21:53:02.952665,ipInAddrErrors,0
localhost,127.0.0.1:161,local-producer,2025-08-31T21:53:02.952665,icmpInMsgs,86
localhost,127.0.0.1:161,local-producer,2025-08-31T21:53:02.952665,icmpInDestUnreachs,82
localhost,127.0.0.1:161,local-producer,2025-08-31T21:53:02.952665,icmpOutMsgs,768
localhost,127.0.0.1:161,local-producer,2025-08-31T21:53:02.952665,icmpOutDestUnreachs,0
localhost,127.0.0.1:161,local-producer,2025-08-31T21:53:02.952665,icmpInEchos,2
localhost,127.0.0.1:161,local-producer,2025-08-31T21:53:02.952665,icmpOutEchoReps,2
localhost,127.0.0.1:161,local-producer,2025-08-31T21:53:13.185743,ifInOctets1,0
localhost,127.0.0.1:161,local-producer,2025-08-31T21:53:13.185743,ifOutOctets1,0
localhost,127.0.0.1:161,local-producer,2025-08-31T21:53:13.185743,ifOutDiscards1,0
localhost,127.0.0.1:161,local-producer,2025-08-31T21:53:13.185743,ifInUcastPkts1,0
localhost,127.0.0.1:161,local-producer,2025-08-31T21:53:13.185743,ifInNUcastPkts1,0
localhost,127.0.0.1:161,local-producer,2025-08-31T21:53:13.185743,ifInDiscards1,0
localhost,127.0.0.1:161,local-producer,2025-08-31T21:53:13.185743,ifOutUcastPkts1,0
localhost,127.0.0.1:161,local-producer,2025-08-31T21:53:13.185743,ifOutNUcastPkts1,0
localhost,127.0.0.1:161,local-producer,2025-08-31T21:53:13.185743,tcpOutRsts,2485
localhost,127.0.0.1:161,local-producer,2025-08-31T21:53:13.185743,tcpInSegs,623376
localhost,127.0.0.1:161,local-producer,2025-08-31T21:53:13.185743,tcpOutSegs,710065
localhost,127.0.0.1:161,local-producer,2025-08-31T21:53:13.185743,tcpPassiveOpens,344
localhost,127.0.0.1:161,local-producer,2025-08-31T21:53:13.185743,tcpRetransSegs,1375
localhost,127.0.0.1:161,local-producer,2025-08-31T21:53:13.185743,tcpCurrEstab,45
localhost,127.0.0.1:161,local-producer,2025-08-31T21:53:13.185743,tcpEstabResets,1084
localhost,127.0.0.1:161,local-producer,2025-08-31T21:53:13.185743,tcpActiveOpens,6493
localhost,127.0.0.1:161,local-producer,2025-08-31T21:53:13.185743,udpInDatagrams,700905
localhost,127.0.0.1:161,local-producer,2025-08-31T21:53:13.185743,udpOutDatagrams,148603
localhost,127.0.0.1:161,local-producer,2025-08-31T21:53:13.185743,udpInErrors,0
localhost,127.0.0.1:161,local-producer,2025-08-31T21:53:13.185743,udpNoPorts,2313
localhost,127.0.0.1:161,local-producer,2025-08-31T21:53:13.185743,ipInReceives,1273862
localhost,127.0.0.1:161,local-producer,2025-08-31T21:53:13.185743,ipInDelivers,1270067
localhost,127.0.0.1:161,local-producer,2025-08-31T21:53:13.185743,ipOutRequests,819587
localhost,127.0.0.1:161,local-producer,2025-08-31T21:53:13.185743,ipOutDiscards,35
localhost,127.0.0.1:161,local-producer,2025-08-31T21:53:13.185743,ipInDiscards,2488
localhost,127.0.0.1:161,local-producer,2025-08-31T21:53:13.185743,ipForwDatagrams,0
localhost,127.0.0.1:161,local-producer,2025-08-31T21:53:13.185743,ipOutNoRoutes,9
localhost,127.0.0.1:161,local-producer,2025-08-31T21:53:13.185743,ipInAddrErrors,0
localhost,127.0.0.1:161,local-producer,2025-08-31T21:53:13.185743,icmpInMsgs,86
localhost,127.0.0.1:161,local-producer,2025-08-31T21:53:13.185743,icmpInDestUnreachs,82
localhost,127.0.0.1:161,local-producer,2025-08-31T21:53:13.185743,icmpOutMsgs,768
localhost,127.0.0.1:161,local-producer,2025-08-31T21:53:13.185743,icmpOutDestUnreachs,0
localhost,127.0.0.1:161,local-producer,2025-08-31T21:53:13.185743,icmpInEchos,2
localhost,127.0.0.1:161,local-producer,2025-08-31T21:53:13.185743,icmpOutEchoReps,2
localhost,127.0.0.1:161,local-producer,2025-08-31T21:53:23.524336,ifInOctets1,0
localhost,127.0.0.1:161,local-producer,2025-08-31T21:53:23.524336,ifOutOctets1,0
localhost,127.0.0.1:161,local-producer,2025-08-31T21:53:23.524336,ifOutDiscards1,0
localhost,127.0.0.1:161,local-producer,2025-08-31T21:53:23.524336,ifInUcastPkts1,0
localhost,127.0.0.1:161,local-producer,2025-08-31T21:53:23.524336,ifInNUcastPkts1,0
localhost,127.0.0.1:161,local-producer,2025-08-31T21:53:23.524336,ifInDiscards1,0
localhost,127.0.0.1:161,local-producer,2025-08-31T21:53:23.524336,ifOutUcastPkts1,0
localhost,127.0.0.1:161,local-producer,2025-08-31T21:53:23.524336,ifOutNUcastPkts1,0
localhost,127.0.0.1:161,local-producer,2025-08-31T21:53:23.524336,tcpOutRsts,2485
localhost,127.0.0.1:161,local-producer,2025-08-31T21:53:23.524336,tcpInSegs,624327
localhost,127.0.0.1:161,local-producer,2025-08-31T21:53:23.524336,tcpOutSegs,711831
localhost,127.0.0.1:161,local-producer,2025-08-31T21:53:23.524336,tcpPassiveOpens,344
localhost,127.0.0.1:161,local-producer,2025-08-31T21:53:23.524336,tcpRetransSegs,1375
localhost,127.0.0.1:161,local-producer,2025-08-31T21:53:23.524336,tcpCurrEstab,46
localhost,127.0.0.1:161,local-producer,2025-08-31T21:53:23.524336,tcpEstabResets,1084
localhost,127.0.0.1:161,local-producer,2025-08-31T21:53:23.524336,tcpActiveOpens,6494
localhost,127.0.0.1:161,local-producer,2025-08-31T21:53:23.524336,udpInDatagrams,700919
localhost,127.0.0.1:161,local-producer,2025-08-31T21:53:23.524336,udpOutDatagrams,148618
localhost,127.0.0.1:161,local-producer,2025-08-31T21:53:23.524336,udpInErrors,0
localhost,127.0.0.1:161,local-producer,2025-08-31T21:53:23.524336,udpNoPorts,2313
localhost,127.0.0.1:161,local-producer,2025-08-31T21:53:23.524336,ipInReceives,1274738
localhost,127.0.0.1:161,local-producer,2025-08-31T21:53:23.524336,ipInDelivers,1270941
localhost,127.0.0.1:161,local-producer,2025-08-31T21:53:23.524336,ipOutRequests,821280
localhost,127.0.0.1:161,local-producer,2025-08-31T21:53:23.524336,ipOutDiscards,35
localhost,127.0.0.1:161,local-producer,2025-08-31T21:53:23.524336,ipInDiscards,2489
localhost,127.0.0.1:161,local-producer,2025-08-31T21:53:23.524336,ipForwDatagrams,0
localhost,127.0.0.1:161,local-producer,2025-08-31T21:53:23.524336,ipOutNoRoutes,9
localhost,127.0.0.1:161,local-producer,2025-08-31T21:53:23.524336,ipInAddrErrors,0
localhost,127.0.0.1:161,local-producer,2025-08-31T21:53:23.524336,icmpInMsgs,86
localhost,127.0.0.1:161,local-producer,2025-08-31T21:53:23.524336,icmpInDestUnreachs,82
localhost,127.0.0.1:161,local-producer,2025-08-31T21:53:23.524336,icmpOutMsgs,768
localhost,127.0.0.1:161,local-producer,2025-08-31T21:53:23.524336,icmpOutDestUnreachs,0
localhost,127.0.0.1:161,local-producer,2025-08-31T21:53:23.524336,icmpInEchos,2
localhost,127.0.0.1:161,local-producer,2025-08-31T21:53:23.524336,icmpOutEchoReps,2
localhost,127.0.0.1:161,local-producer,2025-08-31T21:53:33.927340,ifInOctets1,0
localhost,127.0.0.1:161,local-producer,2025-08-31T21:53:33.927340,ifOutOctets1,0
localhost,127.0.0.1:161,local-producer,2025-08-31T21:53:33.927340,ifOutDiscards1,0
localhost,127.0.0.1:161,local-producer,2025-08-31T21:53:33.927340,ifInUcastPkts1,0
localhost,127.0.0.1:161,local-producer,2025-08-31T21:53:33.927340,ifInNUcastPkts1,0
localhost,127.0.0.1:161,local-producer,2025-08-31T21:53:33.927340,ifInDiscards1,0
localhost,127.0.0.1:161,local-producer,2025-08-31T21:53:33.927340,ifOutUcastPkts1,0
localhost,127.0.0.1:161,local-producer,2025-08-31T21:53:33.927340,ifOutNUcastPkts1,0
localhost,127.0.0.1:161,local-producer,2025-08-31T21:53:33.927340,tcpOutRsts,2485
localhost,127.0.0.1:161,local-producer,2025-08-31T21:53:33.927340,tcpInSegs,624482
localhost,127.0.0.1:161,local-producer,2025-08-31T21:53:33.927340,tcpOutSegs,711984
localhost,127.0.0.1:161,local-producer,2025-08-31T21:53:33.927340,tcpPassiveOpens,344
localhost,127.0.0.1:161,local-producer,2025-08-31T21:53:33.927340,tcpRetransSegs,1375
localhost,127.0.0.1:161,local-producer,2025-08-31T21:53:33.927340,tcpCurrEstab,47
localhost,127.0.0.1:161,local-producer,2025-08-31T21:53:33.927340,tcpEstabResets,1084
localhost,127.0.0.1:161,local-producer,2025-08-31T21:53:33.927340,tcpActiveOpens,6495
localhost,127.0.0.1:161,local-producer,2025-08-31T21:53:33.927340,udpInDatagrams,700923
localhost,127.0.0.1:161,local-producer,2025-08-31T21:53:33.927340,udpOutDatagrams,148620
localhost,127.0.0.1:161,local-producer,2025-08-31T21:53:33.927340,udpInErrors,0
localhost,127.0.0.1:161,local-producer,2025-08-31T21:53:33.927340,udpNoPorts,2313
localhost,127.0.0.1:161,local-producer,2025-08-31T21:53:33.927340,ipInReceives,1274804
localhost,127.0.0.1:161,local-producer,2025-08-31T21:53:33.927340,ipInDelivers,1271007
localhost,127.0.0.1:161,local-producer,2025-08-31T21:53:33.927340,ipOutRequests,821348
localhost,127.0.0.1:161,local-producer,2025-08-31T21:53:33.927340,ipOutDiscards,35
localhost,127.0.0.1:161,local-producer,2025-08-31T21:53:33.927340,ipInDiscards,2489
localhost,127.0.0.1:161,local-producer,2025-08-31T21:53:33.927340,ipForwDatagrams,0
localhost,127.0.0.1:161,local-producer,2025-08-31T21:53:33.927340,ipOutNoRoutes,9
localhost,127.0.0.1:161,local-producer,2025-08-31T21:53:33.927340,ipInAddrErrors,0
localhost,127.0.0.1:161,local-producer,2025-08-31T21:53:33.927340,icmpInMsgs,86
localhost,127.0.0.1:161,local-producer,2025-08-31T21:53:33.927340,icmpInDestUnreachs,82
localhost,127.0.0.1:161,local-producer,2025-08-31T21:53:33.927340,icmpOutMsgs,768
localhost,127.0.0.1:161,local-producer,2025-08-31T21:53:33.927340,icmpOutDestUnreachs,0
localhost,127.0.0.1:161,local-producer,2025-08-31T21:53:33.927340,icmpInEchos,2
localhost,127.0.0.1:161,local-producer,2025-08-31T21:53:33.927340,icmpOutEchoReps,2
localhost,127.0.0.1:161,local-producer,2025-08-31T21:53:44.295897,ifInOctets1,0
localhost,127.0.0.1:161,local-producer,2025-08-31T21:53:44.295897,ifOutOctets1,0
localhost,127.0.0.1:161,local-producer,2025-08-31T21:53:44.295897,ifOutDiscards1,0
localhost,127.0.0.1:161,local-producer,2025-08-31T21:53:44.295897,ifInUcastPkts1,0
localhost,127.0.0.1:161,local-producer,2025-08-31T21:53:44.295897,ifInNUcastPkts1,0
localhost,127.0.0.1:161,local-producer,2025-08-31T21:53:44.295897,ifInDiscards1,0
localhost,127.0.0.1:161,local-producer,2025-08-31T21:53:44.295897,ifOutUcastPkts1,0
localhost,127.0.0.1:161,local-producer,2025-08-31T21:53:44.295897,ifOutNUcastPkts1,0
localhost,127.0.0.1:161,local-producer,2025-08-31T21:53:44.295897,tcpOutRsts,2485
localhost,127.0.0.1:161,local-producer,2025-08-31T21:53:44.295897,tcpInSegs,624694
localhost,127.0.0.1:161,local-producer,2025-08-31T21:53:44.295897,tcpOutSegs,712178
localhost,127.0.0.1:161,local-producer,2025-08-31T21:53:44.295897,tcpPassiveOpens,344
localhost,127.0.0.1:161,local-producer,2025-08-31T21:53:44.295897,tcpRetransSegs,1375
localhost,127.0.0.1:161,local-producer,2025-08-31T21:53:44.295897,tcpCurrEstab,48
localhost,127.0.0.1:161,local-producer,2025-08-31T21:53:44.295897,tcpEstabResets,1084
localhost,127.0.0.1:161,local-producer,2025-08-31T21:53:44.295897,tcpActiveOpens,6497
localhost,127.0.0.1:161,local-producer,2025-08-31T21:53:44.295897,udpInDatagrams,700925
localhost,127.0.0.1:161,local-producer,2025-08-31T21:53:44.295897,udpOutDatagrams,148622
localhost,127.0.0.1:161,local-producer,2025-08-31T21:53:44.295897,udpInErrors,0
localhost,127.0.0.1:161,local-producer,2025-08-31T21:53:44.295897,udpNoPorts,2313
localhost,127.0.0.1:161,local-producer,2025-08-31T21:53:44.295897,ipInReceives,1274918
localhost,127.0.0.1:161,local-producer,2025-08-31T21:53:44.295897,ipInDelivers,1271121
localhost,127.0.0.1:161,local-producer,2025-08-31T21:53:44.295897,ipOutRequests,821453
localhost,127.0.0.1:161,local-producer,2025-08-31T21:53:44.295897,ipOutDiscards,35
localhost,127.0.0.1:161,local-producer,2025-08-31T21:53:44.295897,ipInDiscards,2489
localhost,127.0.0.1:161,local-producer,2025-08-31T21:53:44.295897,ipForwDatagrams,0
localhost,127.0.0.1:161,local-producer,2025-08-31T21:53:44.295897,ipOutNoRoutes,9
localhost,127.0.0.1:161,local-producer,2025-08-31T21:53:44.295897,ipInAddrErrors,0
localhost,127.0.0.1:161,local-producer,2025-08-31T21:53:44.295897,icmpInMsgs,86
localhost,127.0.0.1:161,local-producer,2025-08-31T21:53:44.295897,icmpInDestUnreachs,82
localhost,127.0.0.1:161,local-producer,2025-08-31T21:53:44.295897,icmpOutMsgs,768
localhost,127.0.0.1:161,local-producer,2025-08-31T21:53:44.295897,icmpOutDestUnreachs,0
localhost,127.0.0.1:161,local-producer,2025-08-31T21:53:44.295897,icmpInEchos,2
localhost,127.0.0.1:161,local-producer,2025-08-31T21:53:44.295897,icmpOutEchoReps,2
localhost,127.0.0.1:161,local-producer,2025-08-31T21:53:54.618869,ifInOctets1,0
localhost,127.0.0.1:161,local-producer,2025-08-31T21:53:54.618869,ifOutOctets1,0
localhost,127.0.0.1:161,local-producer,2025-08-31T21:53:54.618869,ifOutDiscards1,0
localhost,127.0.0.1:161,local-producer,2025-08-31T21:53:54.618869,ifInUcastPkts1,0
localhost,127.0.0.1:161,local-producer,2025-08-31T21:53:54.618869,ifInNUcastPkts1,0
localhost,127.0.0.1:161,local-producer,2025-08-31T21:53:54.618869,ifInDiscards1,0
localhost,127.0.0.1:161,local-producer,2025-08-31T21:53:54.618869,ifOutUcastPkts1,0
localhost,127.0.0.1:161,local-producer,2025-08-31T21:53:54.618869,ifOutNUcastPkts1,0
localhost,127.0.0.1:161,local-producer,2025-08-31T21:53:54.618869,tcpOutRsts,2485
localhost,127.0.0.1:161,local-producer,2025-08-31T21:53:54.618869,tcpInSegs,625473
localhost,127.0.0.1:161,local-producer,2025-08-31T21:53:54.618869,tcpOutSegs,713655
localhost,127.0.0.1:161,local-producer,2025-08-31T21:53:54.618869,tcpPassiveOpens,344
localhost,127.0.0.1:161,local-producer,2025-08-31T21:53:54.618869,tcpRetransSegs,1375
localhost,127.0.0.1:161,local-producer,2025-08-31T21:53:54.618869,tcpCurrEstab,49
localhost,127.0.0.1:161,local-producer,2025-08-31T21:53:54.618869,tcpEstabResets,1084
localhost,127.0.0.1:161,local-producer,2025-08-31T21:53:54.618869,tcpActiveOpens,6499
localhost,127.0.0.1:161,local-producer,2025-08-31T21:53:54.618869,udpInDatagrams,700929
localhost,127.0.0.1:161,local-producer,2025-08-31T21:53:54.618869,udpOutDatagrams,148625
localhost,127.0.0.1:161,local-producer,2025-08-31T21:53:54.618869,udpInErrors,0
localhost,127.0.0.1:161,local-producer,2025-08-31T21:53:54.618869,udpNoPorts,2314
localhost,127.0.0.1:161,local-producer,2025-08-31T21:53:54.618869,ipInReceives,1275612
localhost,127.0.0.1:161,local-producer,2025-08-31T21:53:54.618869,ipInDelivers,1271812
localhost,127.0.0.1:161,local-producer,2025-08-31T21:53:54.618869,ipOutRequests,822844
localhost,127.0.0.1:161,local-producer,2025-08-31T21:53:54.618869,ipOutDiscards,35
localhost,127.0.0.1:161,local-producer,2025-08-31T21:53:54.618869,ipInDiscards,2490
localhost,127.0.0.1:161,local-producer,2025-08-31T21:53:54.618869,ipForwDatagrams,0
localhost,127.0.0.1:161,local-producer,2025-08-31T21:53:54.618869,ipOutNoRoutes,9
localhost,127.0.0.1:161,local-producer,2025-08-31T21:53:54.618869,ipInAddrErrors,0
localhost,127.0.0.1:161,local-producer,2025-08-31T21:53:54.618869,icmpInMsgs,86
localhost,127.0.0.1:161,local-producer,2025-08-31T21:53:54.618869,icmpInDestUnreachs,82
localhost,127.0.0.1:161,local-producer,2025-08-31T21:53:54.618869,icmpOutMsgs,769
localhost,127.0.0.1:161,local-producer,2025-08-31T21:53:54.618869,icmpOutDestUnreachs,0
localhost,127.0.0.1:161,local-producer,2025-08-31T21:53:54.618869,icmpInEchos,2
localhost,127.0.0.1:161,local-producer,2025-08-31T21:53:54.618869,icmpOutEchoReps,2
localhost,127.0.0.1:161,local-producer,2025-08-31T21:54:04.981897,ifInOctets1,0
localhost,127.0.0.1:161,local-producer,2025-08-31T21:54:04.981897,ifOutOctets1,0
localhost,127.0.0.1:161,local-producer,2025-08-31T21:54:04.981897,ifOutDiscards1,0
localhost,127.0.0.1:161,local-producer,2025-08-31T21:54:04.981897,ifInUcastPkts1,0
localhost,127.0.0.1:161,local-producer,2025-08-31T21:54:04.981897,ifInNUcastPkts1,0
localhost,127.0.0.1:161,local-producer,2025-08-31T21:54:04.981897,ifInDiscards1,0
localhost,127.0.0.1:161,local-producer,2025-08-31T21:54:04.981897,ifOutUcastPkts1,0
localhost,127.0.0.1:161,local-producer,2025-08-31T21:54:04.981897,ifOutNUcastPkts1,0
localhost,127.0.0.1:161,local-producer,2025-08-31T21:54:04.981897,tcpOutRsts,2485
localhost,127.0.0.1:161,local-producer,2025-08-31T21:54:04.981897,tcpInSegs,625585
localhost,127.0.0.1:161,local-producer,2025-08-31T21:54:04.981897,tcpOutSegs,713758
localhost,127.0.0.1:161,local-producer,2025-08-31T21:54:04.981897,tcpPassiveOpens,344
localhost,127.0.0.1:161,local-producer,2025-08-31T21:54:04.981897,tcpRetransSegs,1375
localhost,127.0.0.1:161,local-producer,2025-08-31T21:54:04.981897,tcpCurrEstab,48
localhost,127.0.0.1:161,local-producer,2025-08-31T21:54:04.981897,tcpEstabResets,1084
localhost,127.0.0.1:161,local-producer,2025-08-31T21:54:04.981897,tcpActiveOpens,6499
localhost,127.0.0.1:161,local-producer,2025-08-31T21:54:04.981897,udpInDatagrams,700955
localhost,127.0.0.1:161,local-producer,2025-08-31T21:54:04.981897,udpOutDatagrams,148639
localhost,127.0.0.1:161,local-producer,2025-08-31T21:54:04.981897,udpInErrors,0
localhost,127.0.0.1:161,local-producer,2025-08-31T21:54:04.981897,udpNoPorts,2314
localhost,127.0.0.1:161,local-producer,2025-08-31T21:54:04.981897,ipInReceives,1275632
localhost,127.0.0.1:161,local-producer,2025-08-31T21:54:04.981897,ipInDelivers,1271844
localhost,127.0.0.1:161,local-producer,2025-08-31T21:54:04.981897,ipOutRequests,822874
localhost,127.0.0.1:161,local-producer,2025-08-31T21:54:04.981897,ipOutDiscards,35
localhost,127.0.0.1:161,local-producer,2025-08-31T21:54:04.981897,ipInDiscards,2490
localhost,127.0.0.1:161,local-producer,2025-08-31T21:54:04.981897,ipForwDatagrams,0
localhost,127.0.0.1:161,local-producer,2025-08-31T21:54:04.981897,ipOutNoRoutes,9
localhost,127.0.0.1:161,local-producer,2025-08-31T21:54:04.981897,ipInAddrErrors,0
localhost,127.0.0.1:161,local-producer,2025-08-31T21:54:04.981897,icmpInMsgs,86
localhost,127.0.0.1:161,local-producer,2025-08-31T21:54:04.981897,icmpInDestUnreachs,82
localhost,127.0.0.1:161,local-producer,2025-08-31T21:54:04.981897,icmpOutMsgs,769
localhost,127.0.0.1:161,local-producer,2025-08-31T21:54:04.981897,icmpOutDestUnreachs,0
localhost,127.0.0.1:161,local-producer,2025-08-31T21:54:04.981897,icmpInEchos,2
localhost,127.0.0.1:161,local-producer,2025-08-31T21:54:04.981897,icmpOutEchoReps,2
localhost,127.0.0.1:161,local-producer,2025-08-31T21:54:15.268185,ifInOctets1,0
localhost,127.0.0.1:161,local-producer,2025-08-31T21:54:15.268185,ifOutOctets1,0
localhost,127.0.0.1:161,local-producer,2025-08-31T21:54:15.268185,ifOutDiscards1,0
localhost,127.0.0.1:161,local-producer,2025-08-31T21:54:15.268185,ifInUcastPkts1,0
localhost,127.0.0.1:161,local-producer,2025-08-31T21:54:15.268185,ifInNUcastPkts1,0
localhost,127.0.0.1:161,local-producer,2025-08-31T21:54:15.268185,ifInDiscards1,0
localhost,127.0.0.1:161,local-producer,2025-08-31T21:54:15.268185,ifOutUcastPkts1,0
localhost,127.0.0.1:161,local-producer,2025-08-31T21:54:15.268185,ifOutNUcastPkts1,0
localhost,127.0.0.1:161,local-producer,2025-08-31T21:54:15.268185,tcpOutRsts,2485
localhost,127.0.0.1:161,local-producer,2025-08-31T21:54:15.268185,tcpInSegs,625698
localhost,127.0.0.1:161,local-producer,2025-08-31T21:54:15.268185,tcpOutSegs,713872
localhost,127.0.0.1:161,local-producer,2025-08-31T21:54:15.268185,tcpPassiveOpens,344
localhost,127.0.0.1:161,local-producer,2025-08-31T21:54:15.268185,tcpRetransSegs,1375
localhost,127.0.0.1:161,local-producer,2025-08-31T21:54:15.268185,tcpCurrEstab,45
localhost,127.0.0.1:161,local-producer,2025-08-31T21:54:15.268185,tcpEstabResets,1084
localhost,127.0.0.1:161,local-producer,2025-08-31T21:54:15.268185,tcpActiveOpens,6499
localhost,127.0.0.1:161,local-producer,2025-08-31T21:54:15.268185,udpInDatagrams,700960
localhost,127.0.0.1:161,local-producer,2025-08-31T21:54:15.268185,udpOutDatagrams,148641
localhost,127.0.0.1:161,local-producer,2025-08-31T21:54:15.268185,udpInErrors,0
localhost,127.0.0.1:161,local-producer,2025-08-31T21:54:15.268185,udpNoPorts,2314
localhost,127.0.0.1:161,local-producer,2025-08-31T21:54:15.268185,ipInReceives,1275658
localhost,127.0.0.1:161,local-producer,2025-08-31T21:54:15.268185,ipInDelivers,1271870
localhost,127.0.0.1:161,local-producer,2025-08-31T21:54:15.268185,ipOutRequests,822901
localhost,127.0.0.1:161,local-producer,2025-08-31T21:54:15.268185,ipOutDiscards,35
localhost,127.0.0.1:161,local-producer,2025-08-31T21:54:15.268185,ipInDiscards,2491
localhost,127.0.0.1:161,local-producer,2025-08-31T21:54:15.268185,ipForwDatagrams,0
localhost,127.0.0.1:161,local-producer,2025-08-31T21:54:15.268185,ipOutNoRoutes,9
localhost,127.0.0.1:161,local-producer,2025-08-31T21:54:15.268185,ipInAddrErrors,0
localhost,127.0.0.1:161,local-producer,2025-08-31T21:54:15.268185,icmpInMsgs,86
localhost,127.0.0.1:161,local-producer,2025-08-31T21:54:15.268185,icmpInDestUnreachs,82
localhost,127.0.0.1:161,local-producer,2025-08-31T21:54:15.268185,icmpOutMsgs,769
localhost,127.0.0.1:161,local-producer,2025-08-31T21:54:15.268185,icmpOutDestUnreachs,0
localhost,127.0.0.1:161,local-producer,2025-08-31T21:54:15.268185,icmpInEchos,2
localhost,127.0.0.1:161,local-producer,2025-08-31T21:54:15.268185,icmpOutEchoReps,2
localhost,127.0.0.1:161,local-producer,2025-08-31T21:54:25.527672,ifInOctets1,0
localhost,127.0.0.1:161,local-producer,2025-08-31T21:54:25.527672,ifOutOctets1,0
localhost,127.0.0.1:161,local-producer,2025-08-31T21:54:25.527672,ifOutDiscards1,0
localhost,127.0.0.1:161,local-producer,2025-08-31T21:54:25.527672,ifInUcastPkts1,0
localhost,127.0.0.1:161,local-producer,2025-08-31T21:54:25.527672,ifInNUcastPkts1,0
localhost,127.0.0.1:161,local-producer,2025-08-31T21:54:25.527672,ifInDiscards1,0
localhost,127.0.0.1:161,local-producer,2025-08-31T21:54:25.527672,ifOutUcastPkts1,0
localhost,127.0.0.1:161,local-producer,2025-08-31T21:54:25.527672,ifOutNUcastPkts1,0
localhost,127.0.0.1:161,local-producer,2025-08-31T21:54:25.527672,tcpOutRsts,2485
localhost,127.0.0.1:161,local-producer,2025-08-31T21:54:25.527672,tcpInSegs,627318
localhost,127.0.0.1:161,local-producer,2025-08-31T21:54:25.527672,tcpOutSegs,716940
localhost,127.0.0.1:161,local-producer,2025-08-31T21:54:25.527672,tcpPassiveOpens,344
localhost,127.0.0.1:161,local-producer,2025-08-31T21:54:25.527672,tcpRetransSegs,1375
localhost,127.0.0.1:161,local-producer,2025-08-31T21:54:25.527672,tcpCurrEstab,44
localhost,127.0.0.1:161,local-producer,2025-08-31T21:54:25.527672,tcpEstabResets,1085
localhost,127.0.0.1:161,local-producer,2025-08-31T21:54:25.527672,tcpActiveOpens,6502
localhost,127.0.0.1:161,local-producer,2025-08-31T21:54:25.527672,udpInDatagrams,700974
localhost,127.0.0.1:161,local-producer,2025-08-31T21:54:25.527672,udpOutDatagrams,148655
localhost,127.0.0.1:161,local-producer,2025-08-31T21:54:25.527672,udpInErrors,0
localhost,127.0.0.1:161,local-producer,2025-08-31T21:54:25.527672,udpNoPorts,2315
localhost,127.0.0.1:161,local-producer,2025-08-31T21:54:25.527672,ipInReceives,1277200
localhost,127.0.0.1:161,local-producer,2025-08-31T21:54:25.527672,ipInDelivers,1273409
localhost,127.0.0.1:161,local-producer,2025-08-31T21:54:25.527672,ipOutRequests,825893
localhost,127.0.0.1:161,local-producer,2025-08-31T21:54:25.527672,ipOutDiscards,35
localhost,127.0.0.1:161,local-producer,2025-08-31T21:54:25.527672,ipInDiscards,2492
localhost,127.0.0.1:161,local-producer,2025-08-31T21:54:25.527672,ipForwDatagrams,0
localhost,127.0.0.1:161,local-producer,2025-08-31T21:54:25.527672,ipOutNoRoutes,9
localhost,127.0.0.1:161,local-producer,2025-08-31T21:54:25.527672,ipInAddrErrors,0
localhost,127.0.0.1:161,local-producer,2025-08-31T21:54:25.527672,icmpInMsgs,86
localhost,127.0.0.1:161,local-producer,2025-08-31T21:54:25.527672,icmpInDestUnreachs,82
localhost,127.0.0.1:161,local-producer,2025-08-31T21:54:25.527672,icmpOutMsgs,770
localhost,127.0.0.1:161,local-producer,2025-08-31T21:54:25.527672,icmpOutDestUnreachs,0
localhost,127.0.0.1:161,local-producer,2025-08-31T21:54:25.527672,icmpInEchos,2
localhost,127.0.0.1:161,local-producer,2025-08-31T21:54:25.527672,icmpOutEchoReps,2
localhost,127.0.0.1:161,local-producer,2025-08-31T21:54:35.787527,ifInOctets1,0
localhost,127.0.0.1:161,local-producer,2025-08-31T21:54:35.787527,ifOutOctets1,0
localhost,127.0.0.1:161,local-producer,2025-08-31T21:54:35.787527,ifOutDiscards1,0
localhost,127.0.0.1:161,local-producer,2025-08-31T21:54:35.787527,ifInUcastPkts1,0
localhost,127.0.0.1:161,local-producer,2025-08-31T21:54:35.787527,ifInNUcastPkts1,0
localhost,127.0.0.1:161,local-producer,2025-08-31T21:54:35.787527,ifInDiscards1,0
localhost,127.0.0.1:161,local-producer,2025-08-31T21:54:35.787527,ifOutUcastPkts1,0
localhost,127.0.0.1:161,local-producer,2025-08-31T21:54:35.787527,ifOutNUcastPkts1,0
localhost,127.0.0.1:161,local-producer,2025-08-31T21:54:35.787527,tcpOutRsts,2485
localhost,127.0.0.1:161,local-producer,2025-08-31T21:54:35.787527,tcpInSegs,627488
localhost,127.0.0.1:161,local-producer,2025-08-31T21:54:35.787527,tcpOutSegs,717121
localhost,127.0.0.1:161,local-producer,2025-08-31T21:54:35.787527,tcpPassiveOpens,344
localhost,127.0.0.1:161,local-producer,2025-08-31T21:54:35.787527,tcpRetransSegs,1375
localhost,127.0.0.1:161,local-producer,2025-08-31T21:54:35.787527,tcpCurrEstab,42
localhost,127.0.0.1:161,local-producer,2025-08-31T21:54:35.787527,tcpEstabResets,1085
localhost,127.0.0.1:161,local-producer,2025-08-31T21:54:35.787527,tcpActiveOpens,6502
localhost,127.0.0.1:161,local-producer,2025-08-31T21:54:35.787527,udpInDatagrams,700978
localhost,127.0.0.1:161,local-producer,2025-08-31T21:54:35.787527,udpOutDatagrams,148657
localhost,127.0.0.1:161,local-producer,2025-08-31T21:54:35.787527,udpInErrors,0
localhost,127.0.0.1:161,local-producer,2025-08-31T21:54:35.787527,udpNoPorts,2315
localhost,127.0.0.1:161,local-producer,2025-08-31T21:54:35.787527,ipInReceives,1277279
localhost,127.0.0.1:161,local-producer,2025-08-31T21:54:35.787527,ipInDelivers,1273488
localhost,127.0.0.1:161,local-producer,2025-08-31T21:54:35.787527,ipOutRequests,825985
localhost,127.0.0.1:161,local-producer,2025-08-31T21:54:35.787527,ipOutDiscards,35
localhost,127.0.0.1:161,local-producer,2025-08-31T21:54:35.787527,ipInDiscards,2492
localhost,127.0.0.1:161,local-producer,2025-08-31T21:54:35.787527,ipForwDatagrams,0
localhost,127.0.0.1:161,local-producer,2025-08-31T21:54:35.787527,ipOutNoRoutes,9
localhost,127.0.0.1:161,local-producer,2025-08-31T21:54:35.787527,ipInAddrErrors,0
localhost,127.0.0.1:161,local-producer,2025-08-31T21:54:35.787527,icmpInMsgs,86
localhost,127.0.0.1:161,local-producer,2025-08-31T21:54:35.787527,icmpInDestUnreachs,82
localhost,127.0.0.1:161,local-producer,2025-08-31T21:54:35.787527,icmpOutMsgs,770
localhost,127.0.0.1:161,local-producer,2025-08-31T21:54:35.787527,icmpOutDestUnreachs,0
localhost,127.0.0.1:161,local-producer,2025-08-31T21:54:35.787527,icmpInEchos,2
localhost,127.0.0.1:161,local-producer,2025-08-31T21:54:35.787527,icmpOutEchoReps,2
