hostname,ip,port,community,collector_hostname,timestamp,oid,value
localhost,127.0.0.1,161,public,local-producer,2026-04-28T10:27:25.159548,1.3.6.1.2.1.2.2.1.10.11,0
localhost,127.0.0.1,161,public,local-producer,2026-04-28T10:27:25.159548,1.3.6.1.2.1.2.2.1.16.11,0
localhost,127.0.0.1,161,public,local-producer,2026-04-28T10:27:25.159548,1.3.6.1.2.1.2.2.1.19.11,0
localhost,127.0.0.1,161,public,local-producer,2026-04-28T10:27:25.159548,1.3.6.1.2.1.2.2.1.11.11,0
localhost,127.0.0.1,161,public,local-producer,2026-04-28T10:27:25.159548,1.3.6.1.2.1.2.2.1.12.11,0
localhost,127.0.0.1,161,public,local-producer,2026-04-28T10:27:25.159548,1.3.6.1.2.1.2.2.1.13.11,0
localhost,127.0.0.1,161,public,local-producer,2026-04-28T10:27:25.159548,1.3.6.1.2.1.2.2.1.17.11,0
localhost,127.0.0.1,161,public,local-producer,2026-04-28T10:27:25.159548,1.3.6.1.2.1.2.2.1.18.11,0
localhost,127.0.0.1,161,public,local-producer,2026-04-28T10:27:25.159548,1.3.6.1.2.1.6.15.0,1792
localhost,127.0.0.1,161,public,local-producer,2026-04-28T10:27:25.159548,1.3.6.1.2.1.6.10.0,520830
localhost,127.0.0.1,161,public,local-producer,2026-04-28T10:27:25.159548,1.3.6.1.2.1.6.11.0,385835
localhost,127.0.0.1,161,public,local-producer,2026-04-28T10:27:25.159548,1.3.6.1.2.1.6.6.0,9538
localhost,127.0.0.1,161,public,local-producer,2026-04-28T10:27:25.159548,1.3.6.1.2.1.6.12.0,40622
localhost,127.0.0.1,161,public,local-producer,2026-04-28T10:27:25.159548,1.3.6.1.2.1.6.9.0,74
localhost,127.0.0.1,161,public,local-producer,2026-04-28T10:27:25.159548,1.3.6.1.2.1.6.8.0,630
localhost,127.0.0.1,161,public,local-producer,2026-04-28T10:27:25.159548,1.3.6.1.2.1.6.5.0,24340
localhost,127.0.0.1,161,public,local-producer,2026-04-28T10:27:25.159548,1.3.6.1.2.1.7.1.0,136383
localhost,127.0.0.1,161,public,local-producer,2026-04-28T10:27:25.159548,1.3.6.1.2.1.7.4.0,28011
localhost,127.0.0.1,161,public,local-producer,2026-04-28T10:27:25.159548,1.3.6.1.2.1.7.3.0,4
localhost,127.0.0.1,161,public,local-producer,2026-04-28T10:27:25.159548,1.3.6.1.2.1.7.2.0,29218
localhost,127.0.0.1,161,public,local-producer,2026-04-28T10:27:25.159548,1.3.6.1.2.1.4.3.0,463284
localhost,127.0.0.1,161,public,local-producer,2026-04-28T10:27:25.159548,1.3.6.1.2.1.4.9.0,438030
localhost,127.0.0.1,161,public,local-producer,2026-04-28T10:27:25.159548,1.3.6.1.2.1.4.10.0,329302
localhost,127.0.0.1,161,public,local-producer,2026-04-28T10:27:25.159548,1.3.6.1.2.1.4.11.0,3058
localhost,127.0.0.1,161,public,local-producer,2026-04-28T10:27:25.159548,1.3.6.1.2.1.4.8.0,16226
localhost,127.0.0.1,161,public,local-producer,2026-04-28T10:27:25.159548,1.3.6.1.2.1.4.6.0,0
localhost,127.0.0.1,161,public,local-producer,2026-04-28T10:27:25.159548,1.3.6.1.2.1.4.12.0,569
localhost,127.0.0.1,161,public,local-producer,2026-04-28T10:27:25.159548,1.3.6.1.2.1.4.5.0,610
localhost,127.0.0.1,161,public,local-producer,2026-04-28T10:27:25.159548,1.3.6.1.2.1.5.1.0,768
localhost,127.0.0.1,161,public,local-producer,2026-04-28T10:27:25.159548,1.3.6.1.2.1.5.3.0,767
localhost,127.0.0.1,161,public,local-producer,2026-04-28T10:27:25.159548,1.3.6.1.2.1.5.14.0,1045
localhost,127.0.0.1,161,public,local-producer,2026-04-28T10:27:25.159548,1.3.6.1.2.1.5.23.0,0
localhost,127.0.0.1,161,public,local-producer,2026-04-28T10:27:25.159548,1.3.6.1.2.1.5.8.0,1
localhost,127.0.0.1,161,public,local-producer,2026-04-28T10:27:25.159548,1.3.6.1.2.1.5.21.0,0
localhost,127.0.0.1,161,public,local-producer,2026-04-28T10:27:35.387173,1.3.6.1.2.1.2.2.1.10.11,0
localhost,127.0.0.1,161,public,local-producer,2026-04-28T10:27:35.387173,1.3.6.1.2.1.2.2.1.16.11,0
localhost,127.0.0.1,161,public,local-producer,2026-04-28T10:27:35.387173,1.3.6.1.2.1.2.2.1.19.11,0
localhost,127.0.0.1,161,public,local-producer,2026-04-28T10:27:35.387173,1.3.6.1.2.1.2.2.1.11.11,0
localhost,127.0.0.1,161,public,local-producer,2026-04-28T10:27:35.387173,1.3.6.1.2.1.2.2.1.12.11,0
localhost,127.0.0.1,161,public,local-producer,2026-04-28T10:27:35.387173,1.3.6.1.2.1.2.2.1.13.11,0
localhost,127.0.0.1,161,public,local-producer,2026-04-28T10:27:35.387173,1.3.6.1.2.1.2.2.1.17.11,0
localhost,127.0.0.1,161,public,local-producer,2026-04-28T10:27:35.387173,1.3.6.1.2.1.2.2.1.18.11,0
localhost,127.0.0.1,161,public,local-producer,2026-04-28T10:27:35.387173,1.3.6.1.2.1.6.15.0,1792
localhost,127.0.0.1,161,public,local-producer,2026-04-28T10:27:35.387173,1.3.6.1.2.1.6.10.0,521294
localhost,127.0.0.1,161,public,local-producer,2026-04-28T10:27:35.387173,1.3.6.1.2.1.6.11.0,386264
localhost,127.0.0.1,161,public,local-producer,2026-04-28T10:27:35.387173,1.3.6.1.2.1.6.6.0,9544
localhost,127.0.0.1,161,public,local-producer,2026-04-28T10:27:35.387173,1.3.6.1.2.1.6.12.0,40622
localhost,127.0.0.1,161,public,local-producer,2026-04-28T10:27:35.387173,1.3.6.1.2.1.6.9.0,78
localhost,127.0.0.1,161,public,local-producer,2026-04-28T10:27:35.387173,1.3.6.1.2.1.6.8.0,630
localhost,127.0.0.1,161,public,local-producer,2026-04-28T10:27:35.387173,1.3.6.1.2.1.6.5.0,24351
localhost,127.0.0.1,161,public,local-producer,2026-04-28T10:27:35.387173,1.3.6.1.2.1.7.1.0,136391
localhost,127.0.0.1,161,public,local-producer,2026-04-28T10:27:35.387173,1.3.6.1.2.1.7.4.0,28019
localhost,127.0.0.1,161,public,local-producer,2026-04-28T10:27:35.387173,1.3.6.1.2.1.7.3.0,4
localhost,127.0.0.1,161,public,local-producer,2026-04-28T10:27:35.387173,1.3.6.1.2.1.7.2.0,29218
localhost,127.0.0.1,161,public,local-producer,2026-04-28T10:27:35.387173,1.3.6.1.2.1.4.3.0,463302
localhost,127.0.0.1,161,public,local-producer,2026-04-28T10:27:35.387173,1.3.6.1.2.1.4.9.0,438122
localhost,127.0.0.1,161,public,local-producer,2026-04-28T10:27:35.387173,1.3.6.1.2.1.4.10.0,329391
localhost,127.0.0.1,161,public,local-producer,2026-04-28T10:27:35.387173,1.3.6.1.2.1.4.11.0,3058
localhost,127.0.0.1,161,public,local-producer,2026-04-28T10:27:35.387173,1.3.6.1.2.1.4.8.0,16226
localhost,127.0.0.1,161,public,local-producer,2026-04-28T10:27:35.387173,1.3.6.1.2.1.4.6.0,0
localhost,127.0.0.1,161,public,local-producer,2026-04-28T10:27:35.387173,1.3.6.1.2.1.4.12.0,569
localhost,127.0.0.1,161,public,local-producer,2026-04-28T10:27:35.387173,1.3.6.1.2.1.4.5.0,610
localhost,127.0.0.1,161,public,local-producer,2026-04-28T10:27:35.387173,1.3.6.1.2.1.5.1.0,768
localhost,127.0.0.1,161,public,local-producer,2026-04-28T10:27:35.387173,1.3.6.1.2.1.5.3.0,767
localhost,127.0.0.1,161,public,local-producer,2026-04-28T10:27:35.387173,1.3.6.1.2.1.5.14.0,1045
localhost,127.0.0.1,161,public,local-producer,2026-04-28T10:27:35.387173,1.3.6.1.2.1.5.23.0,0
localhost,127.0.0.1,161,public,local-producer,2026-04-28T10:27:35.387173,1.3.6.1.2.1.5.8.0,1
localhost,127.0.0.1,161,public,local-producer,2026-04-28T10:27:35.387173,1.3.6.1.2.1.5.21.0,0
localhost,127.0.0.1,161,public,local-producer,2026-04-28T10:27:45.576137,1.3.6.1.2.1.2.2.1.10.11,0
localhost,127.0.0.1,161,public,local-producer,2026-04-28T10:27:45.576137,1.3.6.1.2.1.2.2.1.16.11,0
localhost,127.0.0.1,161,public,local-producer,2026-04-28T10:27:45.576137,1.3.6.1.2.1.2.2.1.19.11,0
localhost,127.0.0.1,161,public,local-producer,2026-04-28T10:27:45.576137,1.3.6.1.2.1.2.2.1.11.11,0
localhost,127.0.0.1,161,public,local-producer,2026-04-28T10:27:45.576137,1.3.6.1.2.1.2.2.1.12.11,0
localhost,127.0.0.1,161,public,local-producer,2026-04-28T10:27:45.576137,1.3.6.1.2.1.2.2.1.13.11,0
localhost,127.0.0.1,161,public,local-producer,2026-04-28T10:27:45.576137,1.3.6.1.2.1.2.2.1.17.11,0
localhost,127.0.0.1,161,public,local-producer,2026-04-28T10:27:45.576137,1.3.6.1.2.1.2.2.1.18.11,0
localhost,127.0.0.1,161,public,local-producer,2026-04-28T10:27:45.576137,1.3.6.1.2.1.6.15.0,1792
localhost,127.0.0.1,161,public,local-producer,2026-04-28T10:27:45.576137,1.3.6.1.2.1.6.10.0,521827
localhost,127.0.0.1,161,public,local-producer,2026-04-28T10:27:45.576137,1.3.6.1.2.1.6.11.0,386769
localhost,127.0.0.1,161,public,local-producer,2026-04-28T10:27:45.576137,1.3.6.1.2.1.6.6.0,9553
localhost,127.0.0.1,161,public,local-producer,2026-04-28T10:27:45.576137,1.3.6.1.2.1.6.12.0,40627
localhost,127.0.0.1,161,public,local-producer,2026-04-28T10:27:45.576137,1.3.6.1.2.1.6.9.0,83
localhost,127.0.0.1,161,public,local-producer,2026-04-28T10:27:45.576137,1.3.6.1.2.1.6.8.0,630
localhost,127.0.0.1,161,public,local-producer,2026-04-28T10:27:45.576137,1.3.6.1.2.1.6.5.0,24364
localhost,127.0.0.1,161,public,local-producer,2026-04-28T10:27:45.576137,1.3.6.1.2.1.7.1.0,136408
localhost,127.0.0.1,161,public,local-producer,2026-04-28T10:27:45.576137,1.3.6.1.2.1.7.4.0,28030
localhost,127.0.0.1,161,public,local-producer,2026-04-28T10:27:45.576137,1.3.6.1.2.1.7.3.0,4
localhost,127.0.0.1,161,public,local-producer,2026-04-28T10:27:45.576137,1.3.6.1.2.1.7.2.0,29218
localhost,127.0.0.1,161,public,local-producer,2026-04-28T10:27:45.576137,1.3.6.1.2.1.4.3.0,463335
localhost,127.0.0.1,161,public,local-producer,2026-04-28T10:27:45.576137,1.3.6.1.2.1.4.9.0,438257
localhost,127.0.0.1,161,public,local-producer,2026-04-28T10:27:45.576137,1.3.6.1.2.1.4.10.0,329521
localhost,127.0.0.1,161,public,local-producer,2026-04-28T10:27:45.576137,1.3.6.1.2.1.4.11.0,3058
localhost,127.0.0.1,161,public,local-producer,2026-04-28T10:27:45.576137,1.3.6.1.2.1.4.8.0,16226
localhost,127.0.0.1,161,public,local-producer,2026-04-28T10:27:45.576137,1.3.6.1.2.1.4.6.0,0
localhost,127.0.0.1,161,public,local-producer,2026-04-28T10:27:45.576137,1.3.6.1.2.1.4.12.0,569
localhost,127.0.0.1,161,public,local-producer,2026-04-28T10:27:45.576137,1.3.6.1.2.1.4.5.0,610
localhost,127.0.0.1,161,public,local-producer,2026-04-28T10:27:45.576137,1.3.6.1.2.1.5.1.0,768
localhost,127.0.0.1,161,public,local-producer,2026-04-28T10:27:45.576137,1.3.6.1.2.1.5.3.0,767
localhost,127.0.0.1,161,public,local-producer,2026-04-28T10:27:45.576137,1.3.6.1.2.1.5.14.0,1045
localhost,127.0.0.1,161,public,local-producer,2026-04-28T10:27:45.576137,1.3.6.1.2.1.5.23.0,0
localhost,127.0.0.1,161,public,local-producer,2026-04-28T10:27:45.576137,1.3.6.1.2.1.5.8.0,1
localhost,127.0.0.1,161,public,local-producer,2026-04-28T10:27:45.576137,1.3.6.1.2.1.5.21.0,0
localhost,127.0.0.1,161,public,local-producer,2026-04-28T10:27:55.724881,1.3.6.1.2.1.2.2.1.10.11,0
localhost,127.0.0.1,161,public,local-producer,2026-04-28T10:27:55.724881,1.3.6.1.2.1.2.2.1.16.11,0
localhost,127.0.0.1,161,public,local-producer,2026-04-28T10:27:55.724881,1.3.6.1.2.1.2.2.1.19.11,0
localhost,127.0.0.1,161,public,local-producer,2026-04-28T10:27:55.724881,1.3.6.1.2.1.2.2.1.11.11,0
localhost,127.0.0.1,161,public,local-producer,2026-04-28T10:27:55.724881,1.3.6.1.2.1.2.2.1.12.11,0
localhost,127.0.0.1,161,public,local-producer,2026-04-28T10:27:55.724881,1.3.6.1.2.1.2.2.1.13.11,0
localhost,127.0.0.1,161,public,local-producer,2026-04-28T10:27:55.724881,1.3.6.1.2.1.2.2.1.17.11,0
localhost,127.0.0.1,161,public,local-producer,2026-04-28T10:27:55.724881,1.3.6.1.2.1.2.2.1.18.11,0
localhost,127.0.0.1,161,public,local-producer,2026-04-28T10:27:55.724881,1.3.6.1.2.1.6.15.0,1792
localhost,127.0.0.1,161,public,local-producer,2026-04-28T10:27:55.724881,1.3.6.1.2.1.6.10.0,522215
localhost,127.0.0.1,161,public,local-producer,2026-04-28T10:27:55.724881,1.3.6.1.2.1.6.11.0,387128
localhost,127.0.0.1,161,public,local-producer,2026-04-28T10:27:55.724881,1.3.6.1.2.1.6.6.0,9561
localhost,127.0.0.1,161,public,local-producer,2026-04-28T10:27:55.724881,1.3.6.1.2.1.6.12.0,40631
localhost,127.0.0.1,161,public,local-producer,2026-04-28T10:27:55.724881,1.3.6.1.2.1.6.9.0,81
localhost,127.0.0.1,161,public,local-producer,2026-04-28T10:27:55.724881,1.3.6.1.2.1.6.8.0,631
localhost,127.0.0.1,161,public,local-producer,2026-04-28T10:27:55.724881,1.3.6.1.2.1.6.5.0,24372
localhost,127.0.0.1,161,public,local-producer,2026-04-28T10:27:55.724881,1.3.6.1.2.1.7.1.0,136434
localhost,127.0.0.1,161,public,local-producer,2026-04-28T10:27:55.724881,1.3.6.1.2.1.7.4.0,28043
localhost,127.0.0.1,161,public,local-producer,2026-04-28T10:27:55.724881,1.3.6.1.2.1.7.3.0,4
localhost,127.0.0.1,161,public,local-producer,2026-04-28T10:27:55.724881,1.3.6.1.2.1.7.2.0,29218
localhost,127.0.0.1,161,public,local-producer,2026-04-28T10:27:55.724881,1.3.6.1.2.1.4.3.0,463353
localhost,127.0.0.1,161,public,local-producer,2026-04-28T10:27:55.724881,1.3.6.1.2.1.4.9.0,438393
localhost,127.0.0.1,161,public,local-producer,2026-04-28T10:27:55.724881,1.3.6.1.2.1.4.10.0,329654
localhost,127.0.0.1,161,public,local-producer,2026-04-28T10:27:55.724881,1.3.6.1.2.1.4.11.0,3058
localhost,127.0.0.1,161,public,local-producer,2026-04-28T10:27:55.724881,1.3.6.1.2.1.4.8.0,16226
localhost,127.0.0.1,161,public,local-producer,2026-04-28T10:27:55.724881,1.3.6.1.2.1.4.6.0,0
localhost,127.0.0.1,161,public,local-producer,2026-04-28T10:27:55.724881,1.3.6.1.2.1.4.12.0,569
localhost,127.0.0.1,161,public,local-producer,2026-04-28T10:27:55.724881,1.3.6.1.2.1.4.5.0,610
localhost,127.0.0.1,161,public,local-producer,2026-04-28T10:27:55.724881,1.3.6.1.2.1.5.1.0,768
localhost,127.0.0.1,161,public,local-producer,2026-04-28T10:27:55.724881,1.3.6.1.2.1.5.3.0,767
localhost,127.0.0.1,161,public,local-producer,2026-04-28T10:27:55.724881,1.3.6.1.2.1.5.14.0,1045
localhost,127.0.0.1,161,public,local-producer,2026-04-28T10:27:55.724881,1.3.6.1.2.1.5.23.0,0
localhost,127.0.0.1,161,public,local-producer,2026-04-28T10:27:55.724881,1.3.6.1.2.1.5.8.0,1
localhost,127.0.0.1,161,public,local-producer,2026-04-28T10:27:55.724881,1.3.6.1.2.1.5.21.0,0
localhost,127.0.0.1,161,public,local-producer,2026-04-28T10:28:05.867370,1.3.6.1.2.1.2.2.1.10.11,0
localhost,127.0.0.1,161,public,local-producer,2026-04-28T10:28:05.867370,1.3.6.1.2.1.2.2.1.16.11,0
localhost,127.0.0.1,161,public,local-producer,2026-04-28T10:28:05.867370,1.3.6.1.2.1.2.2.1.19.11,0
localhost,127.0.0.1,161,public,local-producer,2026-04-28T10:28:05.867370,1.3.6.1.2.1.2.2.1.11.11,0
localhost,127.0.0.1,161,public,local-producer,2026-04-28T10:28:05.867370,1.3.6.1.2.1.2.2.1.12.11,0
localhost,127.0.0.1,161,public,local-producer,2026-04-28T10:28:05.867370,1.3.6.1.2.1.2.2.1.13.11,0
localhost,127.0.0.1,161,public,local-producer,2026-04-28T10:28:05.867370,1.3.6.1.2.1.2.2.1.17.11,0
localhost,127.0.0.1,161,public,local-producer,2026-04-28T10:28:05.867370,1.3.6.1.2.1.2.2.1.18.11,0
localhost,127.0.0.1,161,public,local-producer,2026-04-28T10:28:05.867370,1.3.6.1.2.1.6.15.0,1793
localhost,127.0.0.1,161,public,local-producer,2026-04-28T10:28:05.867370,1.3.6.1.2.1.6.10.0,522658
localhost,127.0.0.1,161,public,local-producer,2026-04-28T10:28:05.867370,1.3.6.1.2.1.6.11.0,387521
localhost,127.0.0.1,161,public,local-producer,2026-04-28T10:28:05.867370,1.3.6.1.2.1.6.6.0,9566
localhost,127.0.0.1,161,public,local-producer,2026-04-28T10:28:05.867370,1.3.6.1.2.1.6.12.0,40636
localhost,127.0.0.1,161,public,local-producer,2026-04-28T10:28:05.867370,1.3.6.1.2.1.6.9.0,82
localhost,127.0.0.1,161,public,local-producer,2026-04-28T10:28:05.867370,1.3.6.1.2.1.6.8.0,633
localhost,127.0.0.1,161,public,local-producer,2026-04-28T10:28:05.867370,1.3.6.1.2.1.6.5.0,24385
localhost,127.0.0.1,161,public,local-producer,2026-04-28T10:28:05.867370,1.3.6.1.2.1.7.1.0,136446
localhost,127.0.0.1,161,public,local-producer,2026-04-28T10:28:05.867370,1.3.6.1.2.1.7.4.0,28055
localhost,127.0.0.1,161,public,local-producer,2026-04-28T10:28:05.867370,1.3.6.1.2.1.7.3.0,4
localhost,127.0.0.1,161,public,local-producer,2026-04-28T10:28:05.867370,1.3.6.1.2.1.7.2.0,29218
localhost,127.0.0.1,161,public,local-producer,2026-04-28T10:28:05.867370,1.3.6.1.2.1.4.3.0,463389
localhost,127.0.0.1,161,public,local-producer,2026-04-28T10:28:05.867370,1.3.6.1.2.1.4.9.0,438495
localhost,127.0.0.1,161,public,local-producer,2026-04-28T10:28:05.867370,1.3.6.1.2.1.4.10.0,329759
localhost,127.0.0.1,161,public,local-producer,2026-04-28T10:28:05.867370,1.3.6.1.2.1.4.11.0,3058
localhost,127.0.0.1,161,public,local-producer,2026-04-28T10:28:05.867370,1.3.6.1.2.1.4.8.0,16226
localhost,127.0.0.1,161,public,local-producer,2026-04-28T10:28:05.867370,1.3.6.1.2.1.4.6.0,0
localhost,127.0.0.1,161,public,local-producer,2026-04-28T10:28:05.867370,1.3.6.1.2.1.4.12.0,569
localhost,127.0.0.1,161,public,local-producer,2026-04-28T10:28:05.867370,1.3.6.1.2.1.4.5.0,610
localhost,127.0.0.1,161,public,local-producer,2026-04-28T10:28:05.867370,1.3.6.1.2.1.5.1.0,768
localhost,127.0.0.1,161,public,local-producer,2026-04-28T10:28:05.867370,1.3.6.1.2.1.5.3.0,767
localhost,127.0.0.1,161,public,local-producer,2026-04-28T10:28:05.867370,1.3.6.1.2.1.5.14.0,1045
localhost,127.0.0.1,161,public,local-producer,2026-04-28T10:28:05.867370,1.3.6.1.2.1.5.23.0,0
localhost,127.0.0.1,161,public,local-producer,2026-04-28T10:28:05.867370,1.3.6.1.2.1.5.8.0,1
localhost,127.0.0.1,161,public,local-producer,2026-04-28T10:28:05.867370,1.3.6.1.2.1.5.21.0,0
localhost,127.0.0.1,161,public,local-producer,2026-04-28T10:28:16.037781,1.3.6.1.2.1.2.2.1.10.11,0
localhost,127.0.0.1,161,public,local-producer,2026-04-28T10:28:16.037781,1.3.6.1.2.1.2.2.1.16.11,0
localhost,127.0.0.1,161,public,local-producer,2026-04-28T10:28:16.037781,1.3.6.1.2.1.2.2.1.19.11,0
localhost,127.0.0.1,161,public,local-producer,2026-04-28T10:28:16.037781,1.3.6.1.2.1.2.2.1.11.11,0
localhost,127.0.0.1,161,public,local-producer,2026-04-28T10:28:16.037781,1.3.6.1.2.1.2.2.1.12.11,0
localhost,127.0.0.1,161,public,local-producer,2026-04-28T10:28:16.037781,1.3.6.1.2.1.2.2.1.13.11,0
localhost,127.0.0.1,161,public,local-producer,2026-04-28T10:28:16.037781,1.3.6.1.2.1.2.2.1.17.11,0
localhost,127.0.0.1,161,public,local-producer,2026-04-28T10:28:16.037781,1.3.6.1.2.1.2.2.1.18.11,0
localhost,127.0.0.1,161,public,local-producer,2026-04-28T10:28:16.037781,1.3.6.1.2.1.6.15.0,1793
localhost,127.0.0.1,161,public,local-producer,2026-04-28T10:28:16.037781,1.3.6.1.2.1.6.10.0,523912
localhost,127.0.0.1,161,public,local-producer,2026-04-28T10:28:16.037781,1.3.6.1.2.1.6.11.0,388284
localhost,127.0.0.1,161,public,local-producer,2026-04-28T10:28:16.037781,1.3.6.1.2.1.6.6.0,9571
localhost,127.0.0.1,161,public,local-producer,2026-04-28T10:28:16.037781,1.3.6.1.2.1.6.12.0,40643
localhost,127.0.0.1,161,public,local-producer,2026-04-28T10:28:16.037781,1.3.6.1.2.1.6.9.0,80
localhost,127.0.0.1,161,public,local-producer,2026-04-28T10:28:16.037781,1.3.6.1.2.1.6.8.0,633
localhost,127.0.0.1,161,public,local-producer,2026-04-28T10:28:16.037781,1.3.6.1.2.1.6.5.0,24393
localhost,127.0.0.1,161,public,local-producer,2026-04-28T10:28:16.037781,1.3.6.1.2.1.7.1.0,136453
localhost,127.0.0.1,161,public,local-producer,2026-04-28T10:28:16.037781,1.3.6.1.2.1.7.4.0,28062
localhost,127.0.0.1,161,public,local-producer,2026-04-28T10:28:16.037781,1.3.6.1.2.1.7.3.0,4
localhost,127.0.0.1,161,public,local-producer,2026-04-28T10:28:16.037781,1.3.6.1.2.1.7.2.0,29218
localhost,127.0.0.1,161,public,local-producer,2026-04-28T10:28:16.037781,1.3.6.1.2.1.4.3.0,463415
localhost,127.0.0.1,161,public,local-producer,2026-04-28T10:28:16.037781,1.3.6.1.2.1.4.9.0,438600
localhost,127.0.0.1,161,public,local-producer,2026-04-28T10:28:16.037781,1.3.6.1.2.1.4.10.0,329866
localhost,127.0.0.1,161,public,local-producer,2026-04-28T10:28:16.037781,1.3.6.1.2.1.4.11.0,3058
localhost,127.0.0.1,161,public,local-producer,2026-04-28T10:28:16.037781,1.3.6.1.2.1.4.8.0,16226
localhost,127.0.0.1,161,public,local-producer,2026-04-28T10:28:16.037781,1.3.6.1.2.1.4.6.0,0
localhost,127.0.0.1,161,public,local-producer,2026-04-28T10:28:16.037781,1.3.6.1.2.1.4.12.0,569
localhost,127.0.0.1,161,public,local-producer,2026-04-28T10:28:16.037781,1.3.6.1.2.1.4.5.0,610
localhost,127.0.0.1,161,public,local-producer,2026-04-28T10:28:16.037781,1.3.6.1.2.1.5.1.0,768
localhost,127.0.0.1,161,public,local-producer,2026-04-28T10:28:16.037781,1.3.6.1.2.1.5.3.0,767
localhost,127.0.0.1,161,public,local-producer,2026-04-28T10:28:16.037781,1.3.6.1.2.1.5.14.0,1045
localhost,127.0.0.1,161,public,local-producer,2026-04-28T10:28:16.037781,1.3.6.1.2.1.5.23.0,0
localhost,127.0.0.1,161,public,local-producer,2026-04-28T10:28:16.037781,1.3.6.1.2.1.5.8.0,1
localhost,127.0.0.1,161,public,local-producer,2026-04-28T10:28:16.037781,1.3.6.1.2.1.5.21.0,0
localhost,127.0.0.1,161,public,local-producer,2026-04-28T10:28:26.187923,1.3.6.1.2.1.2.2.1.10.11,0
localhost,127.0.0.1,161,public,local-producer,2026-04-28T10:28:26.187923,1.3.6.1.2.1.2.2.1.16.11,0
localhost,127.0.0.1,161,public,local-producer,2026-04-28T10:28:26.187923,1.3.6.1.2.1.2.2.1.19.11,0
localhost,127.0.0.1,161,public,local-producer,2026-04-28T10:28:26.187923,1.3.6.1.2.1.2.2.1.11.11,0
localhost,127.0.0.1,161,public,local-producer,2026-04-28T10:28:26.187923,1.3.6.1.2.1.2.2.1.12.11,0
localhost,127.0.0.1,161,public,local-producer,2026-04-28T10:28:26.187923,1.3.6.1.2.1.2.2.1.13.11,0
localhost,127.0.0.1,161,public,local-producer,2026-04-28T10:28:26.187923,1.3.6.1.2.1.2.2.1.17.11,0
localhost,127.0.0.1,161,public,local-producer,2026-04-28T10:28:26.187923,1.3.6.1.2.1.2.2.1.18.11,0
localhost,127.0.0.1,161,public,local-producer,2026-04-28T10:28:26.187923,1.3.6.1.2.1.6.15.0,1794
localhost,127.0.0.1,161,public,local-producer,2026-04-28T10:28:26.187923,1.3.6.1.2.1.6.10.0,524768
localhost,127.0.0.1,161,public,local-producer,2026-04-28T10:28:26.187923,1.3.6.1.2.1.6.11.0,388950
localhost,127.0.0.1,161,public,local-producer,2026-04-28T10:28:26.187923,1.3.6.1.2.1.6.6.0,9577
localhost,127.0.0.1,161,public,local-producer,2026-04-28T10:28:26.187923,1.3.6.1.2.1.6.12.0,40644
localhost,127.0.0.1,161,public,local-producer,2026-04-28T10:28:26.187923,1.3.6.1.2.1.6.9.0,85
localhost,127.0.0.1,161,public,local-producer,2026-04-28T10:28:26.187923,1.3.6.1.2.1.6.8.0,633
localhost,127.0.0.1,161,public,local-producer,2026-04-28T10:28:26.187923,1.3.6.1.2.1.6.5.0,24406
localhost,127.0.0.1,161,public,local-producer,2026-04-28T10:28:26.187923,1.3.6.1.2.1.7.1.0,136467
localhost,127.0.0.1,161,public,local-producer,2026-04-28T10:28:26.187923,1.3.6.1.2.1.7.4.0,28076
localhost,127.0.0.1,161,public,local-producer,2026-04-28T10:28:26.187923,1.3.6.1.2.1.7.3.0,4
localhost,127.0.0.1,161,public,local-producer,2026-04-28T10:28:26.187923,1.3.6.1.2.1.7.2.0,29218
localhost,127.0.0.1,161,public,local-producer,2026-04-28T10:28:26.187923,1.3.6.1.2.1.4.3.0,463475
localhost,127.0.0.1,161,public,local-producer,2026-04-28T10:28:26.187923,1.3.6.1.2.1.4.9.0,438772
localhost,127.0.0.1,161,public,local-producer,2026-04-28T10:28:26.187923,1.3.6.1.2.1.4.10.0,330035
localhost,127.0.0.1,161,public,local-producer,2026-04-28T10:28:26.187923,1.3.6.1.2.1.4.11.0,3058
localhost,127.0.0.1,161,public,local-producer,2026-04-28T10:28:26.187923,1.3.6.1.2.1.4.8.0,16226
localhost,127.0.0.1,161,public,local-producer,2026-04-28T10:28:26.187923,1.3.6.1.2.1.4.6.0,0
localhost,127.0.0.1,161,public,local-producer,2026-04-28T10:28:26.187923,1.3.6.1.2.1.4.12.0,569
localhost,127.0.0.1,161,public,local-producer,2026-04-28T10:28:26.187923,1.3.6.1.2.1.4.5.0,610
localhost,127.0.0.1,161,public,local-producer,2026-04-28T10:28:26.187923,1.3.6.1.2.1.5.1.0,768
localhost,127.0.0.1,161,public,local-producer,2026-04-28T10:28:26.187923,1.3.6.1.2.1.5.3.0,767
localhost,127.0.0.1,161,public,local-producer,2026-04-28T10:28:26.187923,1.3.6.1.2.1.5.14.0,1045
localhost,127.0.0.1,161,public,local-producer,2026-04-28T10:28:26.187923,1.3.6.1.2.1.5.23.0,0
localhost,127.0.0.1,161,public,local-producer,2026-04-28T10:28:26.187923,1.3.6.1.2.1.5.8.0,1
localhost,127.0.0.1,161,public,local-producer,2026-04-28T10:28:26.187923,1.3.6.1.2.1.5.21.0,0
localhost,127.0.0.1,161,public,local-producer,2026-04-28T10:28:36.360870,1.3.6.1.2.1.2.2.1.10.11,0
localhost,127.0.0.1,161,public,local-producer,2026-04-28T10:28:36.360870,1.3.6.1.2.1.2.2.1.16.11,0
localhost,127.0.0.1,161,public,local-producer,2026-04-28T10:28:36.360870,1.3.6.1.2.1.2.2.1.19.11,0
localhost,127.0.0.1,161,public,local-producer,2026-04-28T10:28:36.360870,1.3.6.1.2.1.2.2.1.11.11,0
localhost,127.0.0.1,161,public,local-producer,2026-04-28T10:28:36.360870,1.3.6.1.2.1.2.2.1.12.11,0
localhost,127.0.0.1,161,public,local-producer,2026-04-28T10:28:36.360870,1.3.6.1.2.1.2.2.1.13.11,0
localhost,127.0.0.1,161,public,local-producer,2026-04-28T10:28:36.360870,1.3.6.1.2.1.2.2.1.17.11,0
localhost,127.0.0.1,161,public,local-producer,2026-04-28T10:28:36.360870,1.3.6.1.2.1.2.2.1.18.11,0
localhost,127.0.0.1,161,public,local-producer,2026-04-28T10:28:36.360870,1.3.6.1.2.1.6.15.0,1795
localhost,127.0.0.1,161,public,local-producer,2026-04-28T10:28:36.360870,1.3.6.1.2.1.6.10.0,526143
localhost,127.0.0.1,161,public,local-producer,2026-04-28T10:28:36.360870,1.3.6.1.2.1.6.11.0,389809
localhost,127.0.0.1,161,public,local-producer,2026-04-28T10:28:36.360870,1.3.6.1.2.1.6.6.0,9582
localhost,127.0.0.1,161,public,local-producer,2026-04-28T10:28:36.360870,1.3.6.1.2.1.6.12.0,40644
localhost,127.0.0.1,161,public,local-producer,2026-04-28T10:28:36.360870,1.3.6.1.2.1.6.9.0,84
localhost,127.0.0.1,161,public,local-producer,2026-04-28T10:28:36.360870,1.3.6.1.2.1.6.8.0,633
localhost,127.0.0.1,161,public,local-producer,2026-04-28T10:28:36.360870,1.3.6.1.2.1.6.5.0,24419
localhost,127.0.0.1,161,public,local-producer,2026-04-28T10:28:36.360870,1.3.6.1.2.1.7.1.0,136485
localhost,127.0.0.1,161,public,local-producer,2026-04-28T10:28:36.360870,1.3.6.1.2.1.7.4.0,28094
localhost,127.0.0.1,161,public,local-producer,2026-04-28T10:28:36.360870,1.3.6.1.2.1.7.3.0,4
localhost,127.0.0.1,161,public,local-producer,2026-04-28T10:28:36.360870,1.3.6.1.2.1.7.2.0,29218
localhost,127.0.0.1,161,public,local-producer,2026-04-28T10:28:36.360870,1.3.6.1.2.1.4.3.0,463587
localhost,127.0.0.1,161,public,local-producer,2026-04-28T10:28:36.360870,1.3.6.1.2.1.4.9.0,438905
localhost,127.0.0.1,161,public,local-producer,2026-04-28T10:28:36.360870,1.3.6.1.2.1.4.10.0,330172
localhost,127.0.0.1,161,public,local-producer,2026-04-28T10:28:36.360870,1.3.6.1.2.1.4.11.0,3058
localhost,127.0.0.1,161,public,local-producer,2026-04-28T10:28:36.360870,1.3.6.1.2.1.4.8.0,16226
localhost,127.0.0.1,161,public,local-producer,2026-04-28T10:28:36.360870,1.3.6.1.2.1.4.6.0,0
localhost,127.0.0.1,161,public,local-producer,2026-04-28T10:28:36.360870,1.3.6.1.2.1.4.12.0,569
localhost,127.0.0.1,161,public,local-producer,2026-04-28T10:28:36.360870,1.3.6.1.2.1.4.5.0,610
localhost,127.0.0.1,161,public,local-producer,2026-04-28T10:28:36.360870,1.3.6.1.2.1.5.1.0,768
localhost,127.0.0.1,161,public,local-producer,2026-04-28T10:28:36.360870,1.3.6.1.2.1.5.3.0,767
localhost,127.0.0.1,161,public,local-producer,2026-04-28T10:28:36.360870,1.3.6.1.2.1.5.14.0,1045
localhost,127.0.0.1,161,public,local-producer,2026-04-28T10:28:36.360870,1.3.6.1.2.1.5.23.0,0
localhost,127.0.0.1,161,public,local-producer,2026-04-28T10:28:36.360870,1.3.6.1.2.1.5.8.0,1
localhost,127.0.0.1,161,public,local-producer,2026-04-28T10:28:36.360870,1.3.6.1.2.1.5.21.0,0
localhost,127.0.0.1,161,public,local-producer,2026-04-28T10:28:46.639378,1.3.6.1.2.1.2.2.1.10.11,0
localhost,127.0.0.1,161,public,local-producer,2026-04-28T10:28:46.639378,1.3.6.1.2.1.2.2.1.16.11,0
localhost,127.0.0.1,161,public,local-producer,2026-04-28T10:28:46.639378,1.3.6.1.2.1.2.2.1.19.11,0
localhost,127.0.0.1,161,public,local-producer,2026-04-28T10:28:46.639378,1.3.6.1.2.1.2.2.1.11.11,0
localhost,127.0.0.1,161,public,local-producer,2026-04-28T10:28:46.639378,1.3.6.1.2.1.2.2.1.12.11,0
localhost,127.0.0.1,161,public,local-producer,2026-04-28T10:28:46.639378,1.3.6.1.2.1.2.2.1.13.11,0
localhost,127.0.0.1,161,public,local-producer,2026-04-28T10:28:46.639378,1.3.6.1.2.1.2.2.1.17.11,0
localhost,127.0.0.1,161,public,local-producer,2026-04-28T10:28:46.639378,1.3.6.1.2.1.2.2.1.18.11,0
localhost,127.0.0.1,161,public,local-producer,2026-04-28T10:28:46.639378,1.3.6.1.2.1.6.15.0,1797
localhost,127.0.0.1,161,public,local-producer,2026-04-28T10:28:46.639378,1.3.6.1.2.1.6.10.0,527228
localhost,127.0.0.1,161,public,local-producer,2026-04-28T10:28:46.639378,1.3.6.1.2.1.6.11.0,390577
localhost,127.0.0.1,161,public,local-producer,2026-04-28T10:28:46.639378,1.3.6.1.2.1.6.6.0,9588
localhost,127.0.0.1,161,public,local-producer,2026-04-28T10:28:46.639378,1.3.6.1.2.1.6.12.0,40649
localhost,127.0.0.1,161,public,local-producer,2026-04-28T10:28:46.639378,1.3.6.1.2.1.6.9.0,82
localhost,127.0.0.1,161,public,local-producer,2026-04-28T10:28:46.639378,1.3.6.1.2.1.6.8.0,633
localhost,127.0.0.1,161,public,local-producer,2026-04-28T10:28:46.639378,1.3.6.1.2.1.6.5.0,24425
localhost,127.0.0.1,161,public,local-producer,2026-04-28T10:28:46.639378,1.3.6.1.2.1.7.1.0,136490
localhost,127.0.0.1,161,public,local-producer,2026-04-28T10:28:46.639378,1.3.6.1.2.1.7.4.0,28099
localhost,127.0.0.1,161,public,local-producer,2026-04-28T10:28:46.639378,1.3.6.1.2.1.7.3.0,4
localhost,127.0.0.1,161,public,local-producer,2026-04-28T10:28:46.639378,1.3.6.1.2.1.7.2.0,29218
localhost,127.0.0.1,161,public,local-producer,2026-04-28T10:28:46.639378,1.3.6.1.2.1.4.3.0,463607
localhost,127.0.0.1,161,public,local-producer,2026-04-28T10:28:46.639378,1.3.6.1.2.1.4.9.0,439008
localhost,127.0.0.1,161,public,local-producer,2026-04-28T10:28:46.639378,1.3.6.1.2.1.4.10.0,330272
localhost,127.0.0.1,161,public,local-producer,2026-04-28T10:28:46.639378,1.3.6.1.2.1.4.11.0,3058
localhost,127.0.0.1,161,public,local-producer,2026-04-28T10:28:46.639378,1.3.6.1.2.1.4.8.0,16226
localhost,127.0.0.1,161,public,local-producer,2026-04-28T10:28:46.639378,1.3.6.1.2.1.4.6.0,0
localhost,127.0.0.1,161,public,local-producer,2026-04-28T10:28:46.639378,1.3.6.1.2.1.4.12.0,569
localhost,127.0.0.1,161,public,local-producer,2026-04-28T10:28:46.639378,1.3.6.1.2.1.4.5.0,610
localhost,127.0.0.1,161,public,local-producer,2026-04-28T10:28:46.639378,1.3.6.1.2.1.5.1.0,768
localhost,127.0.0.1,161,public,local-producer,2026-04-28T10:28:46.639378,1.3.6.1.2.1.5.3.0,767
localhost,127.0.0.1,161,public,local-producer,2026-04-28T10:28:46.639378,1.3.6.1.2.1.5.14.0,1045
localhost,127.0.0.1,161,public,local-producer,2026-04-28T10:28:46.639378,1.3.6.1.2.1.5.23.0,0
localhost,127.0.0.1,161,public,local-producer,2026-04-28T10:28:46.639378,1.3.6.1.2.1.5.8.0,1
localhost,127.0.0.1,161,public,local-producer,2026-04-28T10:28:46.639378,1.3.6.1.2.1.5.21.0,0
localhost,127.0.0.1,161,public,local-producer,2026-04-28T10:28:56.997765,1.3.6.1.2.1.2.2.1.10.11,0
localhost,127.0.0.1,161,public,local-producer,2026-04-28T10:28:56.997765,1.3.6.1.2.1.2.2.1.16.11,0
localhost,127.0.0.1,161,public,local-producer,2026-04-28T10:28:56.997765,1.3.6.1.2.1.2.2.1.19.11,0
localhost,127.0.0.1,161,public,local-producer,2026-04-28T10:28:56.997765,1.3.6.1.2.1.2.2.1.11.11,0
localhost,127.0.0.1,161,public,local-producer,2026-04-28T10:28:56.997765,1.3.6.1.2.1.2.2.1.12.11,0
localhost,127.0.0.1,161,public,local-producer,2026-04-28T10:28:56.997765,1.3.6.1.2.1.2.2.1.13.11,0
localhost,127.0.0.1,161,public,local-producer,2026-04-28T10:28:56.997765,1.3.6.1.2.1.2.2.1.17.11,0
localhost,127.0.0.1,161,public,local-producer,2026-04-28T10:28:56.997765,1.3.6.1.2.1.2.2.1.18.11,0
localhost,127.0.0.1,161,public,local-producer,2026-04-28T10:28:56.997765,1.3.6.1.2.1.6.15.0,1797
localhost,127.0.0.1,161,public,local-producer,2026-04-28T10:28:56.997765,1.3.6.1.2.1.6.10.0,528290
localhost,127.0.0.1,161,public,local-producer,2026-04-28T10:28:56.997765,1.3.6.1.2.1.6.11.0,391287
localhost,127.0.0.1,161,public,local-producer,2026-04-28T10:28:56.997765,1.3.6.1.2.1.6.6.0,9596
localhost,127.0.0.1,161,public,local-producer,2026-04-28T10:28:56.997765,1.3.6.1.2.1.6.12.0,40659
localhost,127.0.0.1,161,public,local-producer,2026-04-28T10:28:56.997765,1.3.6.1.2.1.6.9.0,77
localhost,127.0.0.1,161,public,local-producer,2026-04-28T10:28:56.997765,1.3.6.1.2.1.6.8.0,634
localhost,127.0.0.1,161,public,local-producer,2026-04-28T10:28:56.997765,1.3.6.1.2.1.6.5.0,24433
localhost,127.0.0.1,161,public,local-producer,2026-04-28T10:28:56.997765,1.3.6.1.2.1.7.1.0,136492
localhost,127.0.0.1,161,public,local-producer,2026-04-28T10:28:56.997765,1.3.6.1.2.1.7.4.0,28101
localhost,127.0.0.1,161,public,local-producer,2026-04-28T10:28:56.997765,1.3.6.1.2.1.7.3.0,4
localhost,127.0.0.1,161,public,local-producer,2026-04-28T10:28:56.997765,1.3.6.1.2.1.7.2.0,29218
localhost,127.0.0.1,161,public,local-producer,2026-04-28T10:28:56.997765,1.3.6.1.2.1.4.3.0,463621
localhost,127.0.0.1,161,public,local-producer,2026-04-28T10:28:56.997765,1.3.6.1.2.1.4.9.0,439130
localhost,127.0.0.1,161,public,local-producer,2026-04-28T10:28:56.997765,1.3.6.1.2.1.4.10.0,330394
localhost,127.0.0.1,161,public,local-producer,2026-04-28T10:28:56.997765,1.3.6.1.2.1.4.11.0,3058
localhost,127.0.0.1,161,public,local-producer,2026-04-28T10:28:56.997765,1.3.6.1.2.1.4.8.0,16226
localhost,127.0.0.1,161,public,local-producer,2026-04-28T10:28:56.997765,1.3.6.1.2.1.4.6.0,0
localhost,127.0.0.1,161,public,local-producer,2026-04-28T10:28:56.997765,1.3.6.1.2.1.4.12.0,569
localhost,127.0.0.1,161,public,local-producer,2026-04-28T10:28:56.997765,1.3.6.1.2.1.4.5.0,610
localhost,127.0.0.1,161,public,local-producer,2026-04-28T10:28:56.997765,1.3.6.1.2.1.5.1.0,768
localhost,127.0.0.1,161,public,local-producer,2026-04-28T10:28:56.997765,1.3.6.1.2.1.5.3.0,767
localhost,127.0.0.1,161,public,local-producer,2026-04-28T10:28:56.997765,1.3.6.1.2.1.5.14.0,1045
localhost,127.0.0.1,161,public,local-producer,2026-04-28T10:28:56.997765,1.3.6.1.2.1.5.23.0,0
localhost,127.0.0.1,161,public,local-producer,2026-04-28T10:28:56.997765,1.3.6.1.2.1.5.8.0,1
localhost,127.0.0.1,161,public,local-producer,2026-04-28T10:28:56.997765,1.3.6.1.2.1.5.21.0,0
localhost,127.0.0.1,161,public,local-producer,2026-04-28T10:29:07.383928,1.3.6.1.2.1.2.2.1.10.11,0
localhost,127.0.0.1,161,public,local-producer,2026-04-28T10:29:07.383928,1.3.6.1.2.1.2.2.1.16.11,0
localhost,127.0.0.1,161,public,local-producer,2026-04-28T10:29:07.383928,1.3.6.1.2.1.2.2.1.19.11,0
localhost,127.0.0.1,161,public,local-producer,2026-04-28T10:29:07.383928,1.3.6.1.2.1.2.2.1.11.11,0
localhost,127.0.0.1,161,public,local-producer,2026-04-28T10:29:07.383928,1.3.6.1.2.1.2.2.1.12.11,0
localhost,127.0.0.1,161,public,local-producer,2026-04-28T10:29:07.383928,1.3.6.1.2.1.2.2.1.13.11,0
localhost,127.0.0.1,161,public,local-producer,2026-04-28T10:29:07.383928,1.3.6.1.2.1.2.2.1.17.11,0
localhost,127.0.0.1,161,public,local-producer,2026-04-28T10:29:07.383928,1.3.6.1.2.1.2.2.1.18.11,0
localhost,127.0.0.1,161,public,local-producer,2026-04-28T10:29:07.383928,1.3.6.1.2.1.6.15.0,1798
localhost,127.0.0.1,161,public,local-producer,2026-04-28T10:29:07.383928,1.3.6.1.2.1.6.10.0,529577
localhost,127.0.0.1,161,public,local-producer,2026-04-28T10:29:07.383928,1.3.6.1.2.1.6.11.0,392098
localhost,127.0.0.1,161,public,local-producer,2026-04-28T10:29:07.383928,1.3.6.1.2.1.6.6.0,9601
localhost,127.0.0.1,161,public,local-producer,2026-04-28T10:29:07.383928,1.3.6.1.2.1.6.12.0,40661
localhost,127.0.0.1,161,public,local-producer,2026-04-28T10:29:07.383928,1.3.6.1.2.1.6.9.0,77
localhost,127.0.0.1,161,public,local-producer,2026-04-28T10:29:07.383928,1.3.6.1.2.1.6.8.0,634
localhost,127.0.0.1,161,public,local-producer,2026-04-28T10:29:07.383928,1.3.6.1.2.1.6.5.0,24439
localhost,127.0.0.1,161,public,local-producer,2026-04-28T10:29:07.383928,1.3.6.1.2.1.7.1.0,136496
localhost,127.0.0.1,161,public,local-producer,2026-04-28T10:29:07.383928,1.3.6.1.2.1.7.4.0,28105
localhost,127.0.0.1,161,public,local-producer,2026-04-28T10:29:07.383928,1.3.6.1.2.1.7.3.0,4
localhost,127.0.0.1,161,public,local-producer,2026-04-28T10:29:07.383928,1.3.6.1.2.1.7.2.0,29218
localhost,127.0.0.1,161,public,local-producer,2026-04-28T10:29:07.383928,1.3.6.1.2.1.4.3.0,463625
localhost,127.0.0.1,161,public,local-producer,2026-04-28T10:29:07.383928,1.3.6.1.2.1.4.9.0,439211
localhost,127.0.0.1,161,public,local-producer,2026-04-28T10:29:07.383928,1.3.6.1.2.1.4.10.0,330475
localhost,127.0.0.1,161,public,local-producer,2026-04-28T10:29:07.383928,1.3.6.1.2.1.4.11.0,3058
localhost,127.0.0.1,161,public,local-producer,2026-04-28T10:29:07.383928,1.3.6.1.2.1.4.8.0,16226
localhost,127.0.0.1,161,public,local-producer,2026-04-28T10:29:07.383928,1.3.6.1.2.1.4.6.0,0
localhost,127.0.0.1,161,public,local-producer,2026-04-28T10:29:07.383928,1.3.6.1.2.1.4.12.0,569
localhost,127.0.0.1,161,public,local-producer,2026-04-28T10:29:07.383928,1.3.6.1.2.1.4.5.0,610
localhost,127.0.0.1,161,public,local-producer,2026-04-28T10:29:07.383928,1.3.6.1.2.1.5.1.0,768
localhost,127.0.0.1,161,public,local-producer,2026-04-28T10:29:07.383928,1.3.6.1.2.1.5.3.0,767
localhost,127.0.0.1,161,public,local-producer,2026-04-28T10:29:07.383928,1.3.6.1.2.1.5.14.0,1045
localhost,127.0.0.1,161,public,local-producer,2026-04-28T10:29:07.383928,1.3.6.1.2.1.5.23.0,0
localhost,127.0.0.1,161,public,local-producer,2026-04-28T10:29:07.383928,1.3.6.1.2.1.5.8.0,1
localhost,127.0.0.1,161,public,local-producer,2026-04-28T10:29:07.383928,1.3.6.1.2.1.5.21.0,0
localhost,127.0.0.1,161,public,local-producer,2026-04-28T10:29:17.548645,1.3.6.1.2.1.2.2.1.10.11,0
localhost,127.0.0.1,161,public,local-producer,2026-04-28T10:29:17.548645,1.3.6.1.2.1.2.2.1.16.11,0
localhost,127.0.0.1,161,public,local-producer,2026-04-28T10:29:17.548645,1.3.6.1.2.1.2.2.1.19.11,0
localhost,127.0.0.1,161,public,local-producer,2026-04-28T10:29:17.548645,1.3.6.1.2.1.2.2.1.11.11,0
localhost,127.0.0.1,161,public,local-producer,2026-04-28T10:29:17.548645,1.3.6.1.2.1.2.2.1.12.11,0
localhost,127.0.0.1,161,public,local-producer,2026-04-28T10:29:17.548645,1.3.6.1.2.1.2.2.1.13.11,0
localhost,127.0.0.1,161,public,local-producer,2026-04-28T10:29:17.548645,1.3.6.1.2.1.2.2.1.17.11,0
localhost,127.0.0.1,161,public,local-producer,2026-04-28T10:29:17.548645,1.3.6.1.2.1.2.2.1.18.11,0
localhost,127.0.0.1,161,public,local-producer,2026-04-28T10:29:17.548645,1.3.6.1.2.1.6.15.0,1799
localhost,127.0.0.1,161,public,local-producer,2026-04-28T10:29:17.548645,1.3.6.1.2.1.6.10.0,530302
localhost,127.0.0.1,161,public,local-producer,2026-04-28T10:29:17.548645,1.3.6.1.2.1.6.11.0,392638
localhost,127.0.0.1,161,public,local-producer,2026-04-28T10:29:17.548645,1.3.6.1.2.1.6.6.0,9607
localhost,127.0.0.1,161,public,local-producer,2026-04-28T10:29:17.548645,1.3.6.1.2.1.6.12.0,40662
localhost,127.0.0.1,161,public,local-producer,2026-04-28T10:29:17.548645,1.3.6.1.2.1.6.9.0,79
localhost,127.0.0.1,161,public,local-producer,2026-04-28T10:29:17.548645,1.3.6.1.2.1.6.8.0,634
localhost,127.0.0.1,161,public,local-producer,2026-04-28T10:29:17.548645,1.3.6.1.2.1.6.5.0,24446
localhost,127.0.0.1,161,public,local-producer,2026-04-28T10:29:17.548645,1.3.6.1.2.1.7.1.0,136500
localhost,127.0.0.1,161,public,local-producer,2026-04-28T10:29:17.548645,1.3.6.1.2.1.7.4.0,28109
localhost,127.0.0.1,161,public,local-producer,2026-04-28T10:29:17.548645,1.3.6.1.2.1.7.3.0,4
localhost,127.0.0.1,161,public,local-producer,2026-04-28T10:29:17.548645,1.3.6.1.2.1.7.2.0,29218
localhost,127.0.0.1,161,public,local-producer,2026-04-28T10:29:17.548645,1.3.6.1.2.1.4.3.0,463659
localhost,127.0.0.1,161,public,local-producer,2026-04-28T10:29:17.548645,1.3.6.1.2.1.4.9.0,439317
localhost,127.0.0.1,161,public,local-producer,2026-04-28T10:29:17.548645,1.3.6.1.2.1.4.10.0,330581
localhost,127.0.0.1,161,public,local-producer,2026-04-28T10:29:17.548645,1.3.6.1.2.1.4.11.0,3058
localhost,127.0.0.1,161,public,local-producer,2026-04-28T10:29:17.548645,1.3.6.1.2.1.4.8.0,16226
localhost,127.0.0.1,161,public,local-producer,2026-04-28T10:29:17.548645,1.3.6.1.2.1.4.6.0,0
localhost,127.0.0.1,161,public,local-producer,2026-04-28T10:29:17.548645,1.3.6.1.2.1.4.12.0,569
localhost,127.0.0.1,161,public,local-producer,2026-04-28T10:29:17.548645,1.3.6.1.2.1.4.5.0,610
localhost,127.0.0.1,161,public,local-producer,2026-04-28T10:29:17.548645,1.3.6.1.2.1.5.1.0,768
localhost,127.0.0.1,161,public,local-producer,2026-04-28T10:29:17.548645,1.3.6.1.2.1.5.3.0,767
localhost,127.0.0.1,161,public,local-producer,2026-04-28T10:29:17.548645,1.3.6.1.2.1.5.14.0,1045
localhost,127.0.0.1,161,public,local-producer,2026-04-28T10:29:17.548645,1.3.6.1.2.1.5.23.0,0
localhost,127.0.0.1,161,public,local-producer,2026-04-28T10:29:17.548645,1.3.6.1.2.1.5.8.0,1
localhost,127.0.0.1,161,public,local-producer,2026-04-28T10:29:17.548645,1.3.6.1.2.1.5.21.0,0
localhost,127.0.0.1,161,public,local-producer,2026-04-28T10:29:27.714518,1.3.6.1.2.1.2.2.1.10.11,0
localhost,127.0.0.1,161,public,local-producer,2026-04-28T10:29:27.714518,1.3.6.1.2.1.2.2.1.16.11,0
localhost,127.0.0.1,161,public,local-producer,2026-04-28T10:29:27.714518,1.3.6.1.2.1.2.2.1.19.11,0
localhost,127.0.0.1,161,public,local-producer,2026-04-28T10:29:27.714518,1.3.6.1.2.1.2.2.1.11.11,0
localhost,127.0.0.1,161,public,local-producer,2026-04-28T10:29:27.714518,1.3.6.1.2.1.2.2.1.12.11,0
localhost,127.0.0.1,161,public,local-producer,2026-04-28T10:29:27.714518,1.3.6.1.2.1.2.2.1.13.11,0
localhost,127.0.0.1,161,public,local-producer,2026-04-28T10:29:27.714518,1.3.6.1.2.1.2.2.1.17.11,0
localhost,127.0.0.1,161,public,local-producer,2026-04-28T10:29:27.714518,1.3.6.1.2.1.2.2.1.18.11,0
localhost,127.0.0.1,161,public,local-producer,2026-04-28T10:29:27.714518,1.3.6.1.2.1.6.15.0,1800
localhost,127.0.0.1,161,public,local-producer,2026-04-28T10:29:27.714518,1.3.6.1.2.1.6.10.0,531808
localhost,127.0.0.1,161,public,local-producer,2026-04-28T10:29:27.714518,1.3.6.1.2.1.6.11.0,393520
localhost,127.0.0.1,161,public,local-producer,2026-04-28T10:29:27.714518,1.3.6.1.2.1.6.6.0,9612
localhost,127.0.0.1,161,public,local-producer,2026-04-28T10:29:27.714518,1.3.6.1.2.1.6.12.0,40664
localhost,127.0.0.1,161,public,local-producer,2026-04-28T10:29:27.714518,1.3.6.1.2.1.6.9.0,71
localhost,127.0.0.1,161,public,local-producer,2026-04-28T10:29:27.714518,1.3.6.1.2.1.6.8.0,635
localhost,127.0.0.1,161,public,local-producer,2026-04-28T10:29:27.714518,1.3.6.1.2.1.6.5.0,24454
localhost,127.0.0.1,161,public,local-producer,2026-04-28T10:29:27.714518,1.3.6.1.2.1.7.1.0,136509
localhost,127.0.0.1,161,public,local-producer,2026-04-28T10:29:27.714518,1.3.6.1.2.1.7.4.0,28118
localhost,127.0.0.1,161,public,local-producer,2026-04-28T10:29:27.714518,1.3.6.1.2.1.7.3.0,4
localhost,127.0.0.1,161,public,local-producer,2026-04-28T10:29:27.714518,1.3.6.1.2.1.7.2.0,29218
localhost,127.0.0.1,161,public,local-producer,2026-04-28T10:29:27.714518,1.3.6.1.2.1.4.3.0,464681
localhost,127.0.0.1,161,public,local-producer,2026-04-28T10:29:27.714518,1.3.6.1.2.1.4.9.0,439913
localhost,127.0.0.1,161,public,local-producer,2026-04-28T10:29:27.714518,1.3.6.1.2.1.4.10.0,330902
localhost,127.0.0.1,161,public,local-producer,2026-04-28T10:29:27.714518,1.3.6.1.2.1.4.11.0,3058
localhost,127.0.0.1,161,public,local-producer,2026-04-28T10:29:27.714518,1.3.6.1.2.1.4.8.0,16226
localhost,127.0.0.1,161,public,local-producer,2026-04-28T10:29:27.714518,1.3.6.1.2.1.4.6.0,0
localhost,127.0.0.1,161,public,local-producer,2026-04-28T10:29:27.714518,1.3.6.1.2.1.4.12.0,569
localhost,127.0.0.1,161,public,local-producer,2026-04-28T10:29:27.714518,1.3.6.1.2.1.4.5.0,610
localhost,127.0.0.1,161,public,local-producer,2026-04-28T10:29:27.714518,1.3.6.1.2.1.5.1.0,768
localhost,127.0.0.1,161,public,local-producer,2026-04-28T10:29:27.714518,1.3.6.1.2.1.5.3.0,767
localhost,127.0.0.1,161,public,local-producer,2026-04-28T10:29:27.714518,1.3.6.1.2.1.5.14.0,1045
localhost,127.0.0.1,161,public,local-producer,2026-04-28T10:29:27.714518,1.3.6.1.2.1.5.23.0,0
localhost,127.0.0.1,161,public,local-producer,2026-04-28T10:29:27.714518,1.3.6.1.2.1.5.8.0,1
localhost,127.0.0.1,161,public,local-producer,2026-04-28T10:29:27.714518,1.3.6.1.2.1.5.21.0,0
localhost,127.0.0.1,161,public,local-producer,2026-04-28T10:29:37.867030,1.3.6.1.2.1.2.2.1.10.11,0
localhost,127.0.0.1,161,public,local-producer,2026-04-28T10:29:37.867030,1.3.6.1.2.1.2.2.1.16.11,0
localhost,127.0.0.1,161,public,local-producer,2026-04-28T10:29:37.867030,1.3.6.1.2.1.2.2.1.19.11,0
localhost,127.0.0.1,161,public,local-producer,2026-04-28T10:29:37.867030,1.3.6.1.2.1.2.2.1.11.11,0
localhost,127.0.0.1,161,public,local-producer,2026-04-28T10:29:37.867030,1.3.6.1.2.1.2.2.1.12.11,0
localhost,127.0.0.1,161,public,local-producer,2026-04-28T10:29:37.867030,1.3.6.1.2.1.2.2.1.13.11,0
localhost,127.0.0.1,161,public,local-producer,2026-04-28T10:29:37.867030,1.3.6.1.2.1.2.2.1.17.11,0
localhost,127.0.0.1,161,public,local-producer,2026-04-28T10:29:37.867030,1.3.6.1.2.1.2.2.1.18.11,0
localhost,127.0.0.1,161,public,local-producer,2026-04-28T10:29:37.867030,1.3.6.1.2.1.6.15.0,1800
localhost,127.0.0.1,161,public,local-producer,2026-04-28T10:29:37.867030,1.3.6.1.2.1.6.10.0,534165
localhost,127.0.0.1,161,public,local-producer,2026-04-28T10:29:37.867030,1.3.6.1.2.1.6.11.0,394813
localhost,127.0.0.1,161,public,local-producer,2026-04-28T10:29:37.867030,1.3.6.1.2.1.6.6.0,9617
localhost,127.0.0.1,161,public,local-producer,2026-04-28T10:29:37.867030,1.3.6.1.2.1.6.12.0,40665
localhost,127.0.0.1,161,public,local-producer,2026-04-28T10:29:37.867030,1.3.6.1.2.1.6.9.0,70
localhost,127.0.0.1,161,public,local-producer,2026-04-28T10:29:37.867030,1.3.6.1.2.1.6.8.0,636
localhost,127.0.0.1,161,public,local-producer,2026-04-28T10:29:37.867030,1.3.6.1.2.1.6.5.0,24459
localhost,127.0.0.1,161,public,local-producer,2026-04-28T10:29:37.867030,1.3.6.1.2.1.7.1.0,136514
localhost,127.0.0.1,161,public,local-producer,2026-04-28T10:29:37.867030,1.3.6.1.2.1.7.4.0,28123
localhost,127.0.0.1,161,public,local-producer,2026-04-28T10:29:37.867030,1.3.6.1.2.1.7.3.0,4
localhost,127.0.0.1,161,public,local-producer,2026-04-28T10:29:37.867030,1.3.6.1.2.1.7.2.0,29218
localhost,127.0.0.1,161,public,local-producer,2026-04-28T10:29:37.867030,1.3.6.1.2.1.4.3.0,466537
localhost,127.0.0.1,161,public,local-producer,2026-04-28T10:29:37.867030,1.3.6.1.2.1.4.9.0,440919
localhost,127.0.0.1,161,public,local-producer,2026-04-28T10:29:37.867030,1.3.6.1.2.1.4.10.0,331422
localhost,127.0.0.1,161,public,local-producer,2026-04-28T10:29:37.867030,1.3.6.1.2.1.4.11.0,3058
localhost,127.0.0.1,161,public,local-producer,2026-04-28T10:29:37.867030,1.3.6.1.2.1.4.8.0,16226
localhost,127.0.0.1,161,public,local-producer,2026-04-28T10:29:37.867030,1.3.6.1.2.1.4.6.0,0
localhost,127.0.0.1,161,public,local-producer,2026-04-28T10:29:37.867030,1.3.6.1.2.1.4.12.0,569
localhost,127.0.0.1,161,public,local-producer,2026-04-28T10:29:37.867030,1.3.6.1.2.1.4.5.0,610
localhost,127.0.0.1,161,public,local-producer,2026-04-28T10:29:37.867030,1.3.6.1.2.1.5.1.0,768
localhost,127.0.0.1,161,public,local-producer,2026-04-28T10:29:37.867030,1.3.6.1.2.1.5.3.0,767
localhost,127.0.0.1,161,public,local-producer,2026-04-28T10:29:37.867030,1.3.6.1.2.1.5.14.0,1045
localhost,127.0.0.1,161,public,local-producer,2026-04-28T10:29:37.867030,1.3.6.1.2.1.5.23.0,0
localhost,127.0.0.1,161,public,local-producer,2026-04-28T10:29:37.867030,1.3.6.1.2.1.5.8.0,1
localhost,127.0.0.1,161,public,local-producer,2026-04-28T10:29:37.867030,1.3.6.1.2.1.5.21.0,0
localhost,127.0.0.1,161,public,local-producer,2026-04-28T10:29:48.003701,1.3.6.1.2.1.2.2.1.10.11,0
localhost,127.0.0.1,161,public,local-producer,2026-04-28T10:29:48.003701,1.3.6.1.2.1.2.2.1.16.11,0
localhost,127.0.0.1,161,public,local-producer,2026-04-28T10:29:48.003701,1.3.6.1.2.1.2.2.1.19.11,0
localhost,127.0.0.1,161,public,local-producer,2026-04-28T10:29:48.003701,1.3.6.1.2.1.2.2.1.11.11,0
localhost,127.0.0.1,161,public,local-producer,2026-04-28T10:29:48.003701,1.3.6.1.2.1.2.2.1.12.11,0
localhost,127.0.0.1,161,public,local-producer,2026-04-28T10:29:48.003701,1.3.6.1.2.1.2.2.1.13.11,0
localhost,127.0.0.1,161,public,local-producer,2026-04-28T10:29:48.003701,1.3.6.1.2.1.2.2.1.17.11,0
localhost,127.0.0.1,161,public,local-producer,2026-04-28T10:29:48.003701,1.3.6.1.2.1.2.2.1.18.11,0
localhost,127.0.0.1,161,public,local-producer,2026-04-28T10:29:48.003701,1.3.6.1.2.1.6.15.0,1800
localhost,127.0.0.1,161,public,local-producer,2026-04-28T10:29:48.003701,1.3.6.1.2.1.6.10.0,537349
localhost,127.0.0.1,161,public,local-producer,2026-04-28T10:29:48.003701,1.3.6.1.2.1.6.11.0,396517
localhost,127.0.0.1,161,public,local-producer,2026-04-28T10:29:48.003701,1.3.6.1.2.1.6.6.0,9623
localhost,127.0.0.1,161,public,local-producer,2026-04-28T10:29:48.003701,1.3.6.1.2.1.6.12.0,40665
localhost,127.0.0.1,161,public,local-producer,2026-04-28T10:29:48.003701,1.3.6.1.2.1.6.9.0,72
localhost,127.0.0.1,161,public,local-producer,2026-04-28T10:29:48.003701,1.3.6.1.2.1.6.8.0,636
localhost,127.0.0.1,161,public,local-producer,2026-04-28T10:29:48.003701,1.3.6.1.2.1.6.5.0,24465
localhost,127.0.0.1,161,public,local-producer,2026-04-28T10:29:48.003701,1.3.6.1.2.1.7.1.0,136519
localhost,127.0.0.1,161,public,local-producer,2026-04-28T10:29:48.003701,1.3.6.1.2.1.7.4.0,28128
localhost,127.0.0.1,161,public,local-producer,2026-04-28T10:29:48.003701,1.3.6.1.2.1.7.3.0,4
localhost,127.0.0.1,161,public,local-producer,2026-04-28T10:29:48.003701,1.3.6.1.2.1.7.2.0,29218
localhost,127.0.0.1,161,public,local-producer,2026-04-28T10:29:48.003701,1.3.6.1.2.1.4.3.0,468177
localhost,127.0.0.1,161,public,local-producer,2026-04-28T10:29:48.003701,1.3.6.1.2.1.4.9.0,441827
localhost,127.0.0.1,161,public,local-producer,2026-04-28T10:29:48.003701,1.3.6.1.2.1.4.10.0,331914
localhost,127.0.0.1,161,public,local-producer,2026-04-28T10:29:48.003701,1.3.6.1.2.1.4.11.0,3058
localhost,127.0.0.1,161,public,local-producer,2026-04-28T10:29:48.003701,1.3.6.1.2.1.4.8.0,16226
localhost,127.0.0.1,161,public,local-producer,2026-04-28T10:29:48.003701,1.3.6.1.2.1.4.6.0,0
localhost,127.0.0.1,161,public,local-producer,2026-04-28T10:29:48.003701,1.3.6.1.2.1.4.12.0,569
localhost,127.0.0.1,161,public,local-producer,2026-04-28T10:29:48.003701,1.3.6.1.2.1.4.5.0,610
localhost,127.0.0.1,161,public,local-producer,2026-04-28T10:29:48.003701,1.3.6.1.2.1.5.1.0,768
localhost,127.0.0.1,161,public,local-producer,2026-04-28T10:29:48.003701,1.3.6.1.2.1.5.3.0,767
localhost,127.0.0.1,161,public,local-producer,2026-04-28T10:29:48.003701,1.3.6.1.2.1.5.14.0,1045
localhost,127.0.0.1,161,public,local-producer,2026-04-28T10:29:48.003701,1.3.6.1.2.1.5.23.0,0
localhost,127.0.0.1,161,public,local-producer,2026-04-28T10:29:48.003701,1.3.6.1.2.1.5.8.0,1
localhost,127.0.0.1,161,public,local-producer,2026-04-28T10:29:48.003701,1.3.6.1.2.1.5.21.0,0
localhost,127.0.0.1,161,public,local-producer,2026-04-28T10:29:58.372629,1.3.6.1.2.1.2.2.1.10.11,0
localhost,127.0.0.1,161,public,local-producer,2026-04-28T10:29:58.372629,1.3.6.1.2.1.2.2.1.16.11,0
localhost,127.0.0.1,161,public,local-producer,2026-04-28T10:29:58.372629,1.3.6.1.2.1.2.2.1.19.11,0
localhost,127.0.0.1,161,public,local-producer,2026-04-28T10:29:58.372629,1.3.6.1.2.1.2.2.1.11.11,0
localhost,127.0.0.1,161,public,local-producer,2026-04-28T10:29:58.372629,1.3.6.1.2.1.2.2.1.12.11,0
localhost,127.0.0.1,161,public,local-producer,2026-04-28T10:29:58.372629,1.3.6.1.2.1.2.2.1.13.11,0
localhost,127.0.0.1,161,public,local-producer,2026-04-28T10:29:58.372629,1.3.6.1.2.1.2.2.1.17.11,0
localhost,127.0.0.1,161,public,local-producer,2026-04-28T10:29:58.372629,1.3.6.1.2.1.2.2.1.18.11,0
localhost,127.0.0.1,161,public,local-producer,2026-04-28T10:29:58.372629,1.3.6.1.2.1.6.15.0,1800
localhost,127.0.0.1,161,public,local-producer,2026-04-28T10:29:58.372629,1.3.6.1.2.1.6.10.0,540244
localhost,127.0.0.1,161,public,local-producer,2026-04-28T10:29:58.372629,1.3.6.1.2.1.6.11.0,398137
localhost,127.0.0.1,161,public,local-producer,2026-04-28T10:29:58.372629,1.3.6.1.2.1.6.6.0,9630
localhost,127.0.0.1,161,public,local-producer,2026-04-28T10:29:58.372629,1.3.6.1.2.1.6.12.0,40669
localhost,127.0.0.1,161,public,local-producer,2026-04-28T10:29:58.372629,1.3.6.1.2.1.6.9.0,69
localhost,127.0.0.1,161,public,local-producer,2026-04-28T10:29:58.372629,1.3.6.1.2.1.6.8.0,637
localhost,127.0.0.1,161,public,local-producer,2026-04-28T10:29:58.372629,1.3.6.1.2.1.6.5.0,24472
localhost,127.0.0.1,161,public,local-producer,2026-04-28T10:29:58.372629,1.3.6.1.2.1.7.1.0,136524
localhost,127.0.0.1,161,public,local-producer,2026-04-28T10:29:58.372629,1.3.6.1.2.1.7.4.0,28133
localhost,127.0.0.1,161,public,local-producer,2026-04-28T10:29:58.372629,1.3.6.1.2.1.7.3.0,4
localhost,127.0.0.1,161,public,local-producer,2026-04-28T10:29:58.372629,1.3.6.1.2.1.7.2.0,29218
localhost,127.0.0.1,161,public,local-producer,2026-04-28T10:29:58.372629,1.3.6.1.2.1.4.3.0,469629
localhost,127.0.0.1,161,public,local-producer,2026-04-28T10:29:58.372629,1.3.6.1.2.1.4.9.0,442666
localhost,127.0.0.1,161,public,local-producer,2026-04-28T10:29:58.372629,1.3.6.1.2.1.4.10.0,332426
localhost,127.0.0.1,161,public,local-producer,2026-04-28T10:29:58.372629,1.3.6.1.2.1.4.11.0,3058
localhost,127.0.0.1,161,public,local-producer,2026-04-28T10:29:58.372629,1.3.6.1.2.1.4.8.0,16226
localhost,127.0.0.1,161,public,local-producer,2026-04-28T10:29:58.372629,1.3.6.1.2.1.4.6.0,0
localhost,127.0.0.1,161,public,local-producer,2026-04-28T10:29:58.372629,1.3.6.1.2.1.4.12.0,569
localhost,127.0.0.1,161,public,local-producer,2026-04-28T10:29:58.372629,1.3.6.1.2.1.4.5.0,610
localhost,127.0.0.1,161,public,local-producer,2026-04-28T10:29:58.372629,1.3.6.1.2.1.5.1.0,768
localhost,127.0.0.1,161,public,local-producer,2026-04-28T10:29:58.372629,1.3.6.1.2.1.5.3.0,767
localhost,127.0.0.1,161,public,local-producer,2026-04-28T10:29:58.372629,1.3.6.1.2.1.5.14.0,1045
localhost,127.0.0.1,161,public,local-producer,2026-04-28T10:29:58.372629,1.3.6.1.2.1.5.23.0,0
localhost,127.0.0.1,161,public,local-producer,2026-04-28T10:29:58.372629,1.3.6.1.2.1.5.8.0,1
localhost,127.0.0.1,161,public,local-producer,2026-04-28T10:29:58.372629,1.3.6.1.2.1.5.21.0,0
localhost,127.0.0.1,161,public,local-producer,2026-04-28T10:30:08.703681,1.3.6.1.2.1.2.2.1.10.11,0
localhost,127.0.0.1,161,public,local-producer,2026-04-28T10:30:08.703681,1.3.6.1.2.1.2.2.1.16.11,0
localhost,127.0.0.1,161,public,local-producer,2026-04-28T10:30:08.703681,1.3.6.1.2.1.2.2.1.19.11,0
localhost,127.0.0.1,161,public,local-producer,2026-04-28T10:30:08.703681,1.3.6.1.2.1.2.2.1.11.11,0
localhost,127.0.0.1,161,public,local-producer,2026-04-28T10:30:08.703681,1.3.6.1.2.1.2.2.1.12.11,0
localhost,127.0.0.1,161,public,local-producer,2026-04-28T10:30:08.703681,1.3.6.1.2.1.2.2.1.13.11,0
localhost,127.0.0.1,161,public,local-producer,2026-04-28T10:30:08.703681,1.3.6.1.2.1.2.2.1.17.11,0
localhost,127.0.0.1,161,public,local-producer,2026-04-28T10:30:08.703681,1.3.6.1.2.1.2.2.1.18.11,0
localhost,127.0.0.1,161,public,local-producer,2026-04-28T10:30:08.703681,1.3.6.1.2.1.6.15.0,1800
localhost,127.0.0.1,161,public,local-producer,2026-04-28T10:30:08.703681,1.3.6.1.2.1.6.10.0,542557
localhost,127.0.0.1,161,public,local-producer,2026-04-28T10:30:08.703681,1.3.6.1.2.1.6.11.0,399465
localhost,127.0.0.1,161,public,local-producer,2026-04-28T10:30:08.703681,1.3.6.1.2.1.6.6.0,9635
localhost,127.0.0.1,161,public,local-producer,2026-04-28T10:30:08.703681,1.3.6.1.2.1.6.12.0,40670
localhost,127.0.0.1,161,public,local-producer,2026-04-28T10:30:08.703681,1.3.6.1.2.1.6.9.0,69
localhost,127.0.0.1,161,public,local-producer,2026-04-28T10:30:08.703681,1.3.6.1.2.1.6.8.0,637
localhost,127.0.0.1,161,public,local-producer,2026-04-28T10:30:08.703681,1.3.6.1.2.1.6.5.0,24478
localhost,127.0.0.1,161,public,local-producer,2026-04-28T10:30:08.703681,1.3.6.1.2.1.7.1.0,136531
localhost,127.0.0.1,161,public,local-producer,2026-04-28T10:30:08.703681,1.3.6.1.2.1.7.4.0,28140
localhost,127.0.0.1,161,public,local-producer,2026-04-28T10:30:08.703681,1.3.6.1.2.1.7.3.0,4
localhost,127.0.0.1,161,public,local-producer,2026-04-28T10:30:08.703681,1.3.6.1.2.1.7.2.0,29218
localhost,127.0.0.1,161,public,local-producer,2026-04-28T10:30:08.703681,1.3.6.1.2.1.4.3.0,470897
localhost,127.0.0.1,161,public,local-producer,2026-04-28T10:30:08.703681,1.3.6.1.2.1.4.9.0,443376
localhost,127.0.0.1,161,public,local-producer,2026-04-28T10:30:08.703681,1.3.6.1.2.1.4.10.0,332828
localhost,127.0.0.1,161,public,local-producer,2026-04-28T10:30:08.703681,1.3.6.1.2.1.4.11.0,3058
localhost,127.0.0.1,161,public,local-producer,2026-04-28T10:30:08.703681,1.3.6.1.2.1.4.8.0,16226
localhost,127.0.0.1,161,public,local-producer,2026-04-28T10:30:08.703681,1.3.6.1.2.1.4.6.0,0
localhost,127.0.0.1,161,public,local-producer,2026-04-28T10:30:08.703681,1.3.6.1.2.1.4.12.0,569
localhost,127.0.0.1,161,public,local-producer,2026-04-28T10:30:08.703681,1.3.6.1.2.1.4.5.0,610
localhost,127.0.0.1,161,public,local-producer,2026-04-28T10:30:08.703681,1.3.6.1.2.1.5.1.0,768
localhost,127.0.0.1,161,public,local-producer,2026-04-28T10:30:08.703681,1.3.6.1.2.1.5.3.0,767
localhost,127.0.0.1,161,public,local-producer,2026-04-28T10:30:08.703681,1.3.6.1.2.1.5.14.0,1045
localhost,127.0.0.1,161,public,local-producer,2026-04-28T10:30:08.703681,1.3.6.1.2.1.5.23.0,0
localhost,127.0.0.1,161,public,local-producer,2026-04-28T10:30:08.703681,1.3.6.1.2.1.5.8.0,1
localhost,127.0.0.1,161,public,local-producer,2026-04-28T10:30:08.703681,1.3.6.1.2.1.5.21.0,0
localhost,127.0.0.1,161,public,local-producer,2026-04-28T10:30:19.096848,1.3.6.1.2.1.2.2.1.10.11,0
localhost,127.0.0.1,161,public,local-producer,2026-04-28T10:30:19.096848,1.3.6.1.2.1.2.2.1.16.11,0
localhost,127.0.0.1,161,public,local-producer,2026-04-28T10:30:19.096848,1.3.6.1.2.1.2.2.1.19.11,0
localhost,127.0.0.1,161,public,local-producer,2026-04-28T10:30:19.096848,1.3.6.1.2.1.2.2.1.11.11,0
localhost,127.0.0.1,161,public,local-producer,2026-04-28T10:30:19.096848,1.3.6.1.2.1.2.2.1.12.11,0
localhost,127.0.0.1,161,public,local-producer,2026-04-28T10:30:19.096848,1.3.6.1.2.1.2.2.1.13.11,0
localhost,127.0.0.1,161,public,local-producer,2026-04-28T10:30:19.096848,1.3.6.1.2.1.2.2.1.17.11,0
localhost,127.0.0.1,161,public,local-producer,2026-04-28T10:30:19.096848,1.3.6.1.2.1.2.2.1.18.11,0
localhost,127.0.0.1,161,public,local-producer,2026-04-28T10:30:19.096848,1.3.6.1.2.1.6.15.0,1800
localhost,127.0.0.1,161,public,local-producer,2026-04-28T10:30:19.096848,1.3.6.1.2.1.6.10.0,544489
localhost,127.0.0.1,161,public,local-producer,2026-04-28T10:30:19.096848,1.3.6.1.2.1.6.11.0,400721
localhost,127.0.0.1,161,public,local-producer,2026-04-28T10:30:19.096848,1.3.6.1.2.1.6.6.0,9642
localhost,127.0.0.1,161,public,local-producer,2026-04-28T10:30:19.096848,1.3.6.1.2.1.6.12.0,40673
localhost,127.0.0.1,161,public,local-producer,2026-04-28T10:30:19.096848,1.3.6.1.2.1.6.9.0,79
localhost,127.0.0.1,161,public,local-producer,2026-04-28T10:30:19.096848,1.3.6.1.2.1.6.8.0,637
localhost,127.0.0.1,161,public,local-producer,2026-04-28T10:30:19.096848,1.3.6.1.2.1.6.5.0,24499
localhost,127.0.0.1,161,public,local-producer,2026-04-28T10:30:19.096848,1.3.6.1.2.1.7.1.0,136596
localhost,127.0.0.1,161,public,local-producer,2026-04-28T10:30:19.096848,1.3.6.1.2.1.7.4.0,28210
localhost,127.0.0.1,161,public,local-producer,2026-04-28T10:30:19.096848,1.3.6.1.2.1.7.3.0,4
localhost,127.0.0.1,161,public,local-producer,2026-04-28T10:30:19.096848,1.3.6.1.2.1.7.2.0,29223
localhost,127.0.0.1,161,public,local-producer,2026-04-28T10:30:19.096848,1.3.6.1.2.1.4.3.0,471761
localhost,127.0.0.1,161,public,local-producer,2026-04-28T10:30:19.096848,1.3.6.1.2.1.4.9.0,443897
localhost,127.0.0.1,161,public,local-producer,2026-04-28T10:30:19.096848,1.3.6.1.2.1.4.10.0,333203
localhost,127.0.0.1,161,public,local-producer,2026-04-28T10:30:19.096848,1.3.6.1.2.1.4.11.0,3058
localhost,127.0.0.1,161,public,local-producer,2026-04-28T10:30:19.096848,1.3.6.1.2.1.4.8.0,16231
localhost,127.0.0.1,161,public,local-producer,2026-04-28T10:30:19.096848,1.3.6.1.2.1.4.6.0,0
localhost,127.0.0.1,161,public,local-producer,2026-04-28T10:30:19.096848,1.3.6.1.2.1.4.12.0,569
localhost,127.0.0.1,161,public,local-producer,2026-04-28T10:30:19.096848,1.3.6.1.2.1.4.5.0,610
localhost,127.0.0.1,161,public,local-producer,2026-04-28T10:30:19.096848,1.3.6.1.2.1.5.1.0,768
localhost,127.0.0.1,161,public,local-producer,2026-04-28T10:30:19.096848,1.3.6.1.2.1.5.3.0,767
localhost,127.0.0.1,161,public,local-producer,2026-04-28T10:30:19.096848,1.3.6.1.2.1.5.14.0,1048
localhost,127.0.0.1,161,public,local-producer,2026-04-28T10:30:19.096848,1.3.6.1.2.1.5.23.0,0
localhost,127.0.0.1,161,public,local-producer,2026-04-28T10:30:19.096848,1.3.6.1.2.1.5.8.0,1
localhost,127.0.0.1,161,public,local-producer,2026-04-28T10:30:19.096848,1.3.6.1.2.1.5.21.0,0
localhost,127.0.0.1,161,public,local-producer,2026-04-28T10:30:29.520494,1.3.6.1.2.1.2.2.1.10.11,0
localhost,127.0.0.1,161,public,local-producer,2026-04-28T10:30:29.520494,1.3.6.1.2.1.2.2.1.16.11,0
localhost,127.0.0.1,161,public,local-producer,2026-04-28T10:30:29.520494,1.3.6.1.2.1.2.2.1.19.11,0
localhost,127.0.0.1,161,public,local-producer,2026-04-28T10:30:29.520494,1.3.6.1.2.1.2.2.1.11.11,0
localhost,127.0.0.1,161,public,local-producer,2026-04-28T10:30:29.520494,1.3.6.1.2.1.2.2.1.12.11,0
localhost,127.0.0.1,161,public,local-producer,2026-04-28T10:30:29.520494,1.3.6.1.2.1.2.2.1.13.11,0
localhost,127.0.0.1,161,public,local-producer,2026-04-28T10:30:29.520494,1.3.6.1.2.1.2.2.1.17.11,0
localhost,127.0.0.1,161,public,local-producer,2026-04-28T10:30:29.520494,1.3.6.1.2.1.2.2.1.18.11,0
localhost,127.0.0.1,161,public,local-producer,2026-04-28T10:30:29.520494,1.3.6.1.2.1.6.15.0,1801
localhost,127.0.0.1,161,public,local-producer,2026-04-28T10:30:29.520494,1.3.6.1.2.1.6.10.0,545853
localhost,127.0.0.1,161,public,local-producer,2026-04-28T10:30:29.520494,1.3.6.1.2.1.6.11.0,401525
localhost,127.0.0.1,161,public,local-producer,2026-04-28T10:30:29.520494,1.3.6.1.2.1.6.6.0,9647
localhost,127.0.0.1,161,public,local-producer,2026-04-28T10:30:29.520494,1.3.6.1.2.1.6.12.0,40674
localhost,127.0.0.1,161,public,local-producer,2026-04-28T10:30:29.520494,1.3.6.1.2.1.6.9.0,82
localhost,127.0.0.1,161,public,local-producer,2026-04-28T10:30:29.520494,1.3.6.1.2.1.6.8.0,637
localhost,127.0.0.1,161,public,local-producer,2026-04-28T10:30:29.520494,1.3.6.1.2.1.6.5.0,24512
localhost,127.0.0.1,161,public,local-producer,2026-04-28T10:30:29.520494,1.3.6.1.2.1.7.1.0,136632
localhost,127.0.0.1,161,public,local-producer,2026-04-28T10:30:29.520494,1.3.6.1.2.1.7.4.0,28257
localhost,127.0.0.1,161,public,local-producer,2026-04-28T10:30:29.520494,1.3.6.1.2.1.7.3.0,4
localhost,127.0.0.1,161,public,local-producer,2026-04-28T10:30:29.520494,1.3.6.1.2.1.7.2.0,29228
localhost,127.0.0.1,161,public,local-producer,2026-04-28T10:30:29.520494,1.3.6.1.2.1.4.3.0,472079
localhost,127.0.0.1,161,public,local-producer,2026-04-28T10:30:29.520494,1.3.6.1.2.1.4.9.0,444138
localhost,127.0.0.1,161,public,local-producer,2026-04-28T10:30:29.520494,1.3.6.1.2.1.4.10.0,333404
localhost,127.0.0.1,161,public,local-producer,2026-04-28T10:30:29.520494,1.3.6.1.2.1.4.11.0,3058
localhost,127.0.0.1,161,public,local-producer,2026-04-28T10:30:29.520494,1.3.6.1.2.1.4.8.0,16236
localhost,127.0.0.1,161,public,local-producer,2026-04-28T10:30:29.520494,1.3.6.1.2.1.4.6.0,0
localhost,127.0.0.1,161,public,local-producer,2026-04-28T10:30:29.520494,1.3.6.1.2.1.4.12.0,569
localhost,127.0.0.1,161,public,local-producer,2026-04-28T10:30:29.520494,1.3.6.1.2.1.4.5.0,610
localhost,127.0.0.1,161,public,local-producer,2026-04-28T10:30:29.520494,1.3.6.1.2.1.5.1.0,768
localhost,127.0.0.1,161,public,local-producer,2026-04-28T10:30:29.520494,1.3.6.1.2.1.5.3.0,767
localhost,127.0.0.1,161,public,local-producer,2026-04-28T10:30:29.520494,1.3.6.1.2.1.5.14.0,1051
localhost,127.0.0.1,161,public,local-producer,2026-04-28T10:30:29.520494,1.3.6.1.2.1.5.23.0,0
localhost,127.0.0.1,161,public,local-producer,2026-04-28T10:30:29.520494,1.3.6.1.2.1.5.8.0,1
localhost,127.0.0.1,161,public,local-producer,2026-04-28T10:30:29.520494,1.3.6.1.2.1.5.21.0,0
localhost,127.0.0.1,161,public,local-producer,2026-04-28T10:30:40.003401,1.3.6.1.2.1.2.2.1.10.11,0
localhost,127.0.0.1,161,public,local-producer,2026-04-28T10:30:40.003401,1.3.6.1.2.1.2.2.1.16.11,0
localhost,127.0.0.1,161,public,local-producer,2026-04-28T10:30:40.003401,1.3.6.1.2.1.2.2.1.19.11,0
localhost,127.0.0.1,161,public,local-producer,2026-04-28T10:30:40.003401,1.3.6.1.2.1.2.2.1.11.11,0
localhost,127.0.0.1,161,public,local-producer,2026-04-28T10:30:40.003401,1.3.6.1.2.1.2.2.1.12.11,0
localhost,127.0.0.1,161,public,local-producer,2026-04-28T10:30:40.003401,1.3.6.1.2.1.2.2.1.13.11,0
localhost,127.0.0.1,161,public,local-producer,2026-04-28T10:30:40.003401,1.3.6.1.2.1.2.2.1.17.11,0
localhost,127.0.0.1,161,public,local-producer,2026-04-28T10:30:40.003401,1.3.6.1.2.1.2.2.1.18.11,0
localhost,127.0.0.1,161,public,local-producer,2026-04-28T10:30:40.003401,1.3.6.1.2.1.6.15.0,1801
localhost,127.0.0.1,161,public,local-producer,2026-04-28T10:30:40.003401,1.3.6.1.2.1.6.10.0,547393
localhost,127.0.0.1,161,public,local-producer,2026-04-28T10:30:40.003401,1.3.6.1.2.1.6.11.0,402569
localhost,127.0.0.1,161,public,local-producer,2026-04-28T10:30:40.003401,1.3.6.1.2.1.6.6.0,9652
localhost,127.0.0.1,161,public,local-producer,2026-04-28T10:30:40.003401,1.3.6.1.2.1.6.12.0,40675
localhost,127.0.0.1,161,public,local-producer,2026-04-28T10:30:40.003401,1.3.6.1.2.1.6.9.0,83
localhost,127.0.0.1,161,public,local-producer,2026-04-28T10:30:40.003401,1.3.6.1.2.1.6.8.0,637
localhost,127.0.0.1,161,public,local-producer,2026-04-28T10:30:40.003401,1.3.6.1.2.1.6.5.0,24518
localhost,127.0.0.1,161,public,local-producer,2026-04-28T10:30:40.003401,1.3.6.1.2.1.7.1.0,136660
localhost,127.0.0.1,161,public,local-producer,2026-04-28T10:30:40.003401,1.3.6.1.2.1.7.4.0,28280
localhost,127.0.0.1,161,public,local-producer,2026-04-28T10:30:40.003401,1.3.6.1.2.1.7.3.0,4
localhost,127.0.0.1,161,public,local-producer,2026-04-28T10:30:40.003401,1.3.6.1.2.1.7.2.0,29229
localhost,127.0.0.1,161,public,local-producer,2026-04-28T10:30:40.003401,1.3.6.1.2.1.4.3.0,473073
localhost,127.0.0.1,161,public,local-producer,2026-04-28T10:30:40.003401,1.3.6.1.2.1.4.9.0,444710
localhost,127.0.0.1,161,public,local-producer,2026-04-28T10:30:40.003401,1.3.6.1.2.1.4.10.0,333857
localhost,127.0.0.1,161,public,local-producer,2026-04-28T10:30:40.003401,1.3.6.1.2.1.4.11.0,3058
localhost,127.0.0.1,161,public,local-producer,2026-04-28T10:30:40.003401,1.3.6.1.2.1.4.8.0,16237
localhost,127.0.0.1,161,public,local-producer,2026-04-28T10:30:40.003401,1.3.6.1.2.1.4.6.0,0
localhost,127.0.0.1,161,public,local-producer,2026-04-28T10:30:40.003401,1.3.6.1.2.1.4.12.0,569
localhost,127.0.0.1,161,public,local-producer,2026-04-28T10:30:40.003401,1.3.6.1.2.1.4.5.0,610
localhost,127.0.0.1,161,public,local-producer,2026-04-28T10:30:40.003401,1.3.6.1.2.1.5.1.0,768
localhost,127.0.0.1,161,public,local-producer,2026-04-28T10:30:40.003401,1.3.6.1.2.1.5.3.0,767
localhost,127.0.0.1,161,public,local-producer,2026-04-28T10:30:40.003401,1.3.6.1.2.1.5.14.0,1052
localhost,127.0.0.1,161,public,local-producer,2026-04-28T10:30:40.003401,1.3.6.1.2.1.5.23.0,0
localhost,127.0.0.1,161,public,local-producer,2026-04-28T10:30:40.003401,1.3.6.1.2.1.5.8.0,1
localhost,127.0.0.1,161,public,local-producer,2026-04-28T10:30:40.003401,1.3.6.1.2.1.5.21.0,0
